-- phpMyAdmin SQL Dump
-- version 4.5.1
-- http://www.phpmyadmin.net
--
-- Host: 127.0.0.1
-- Generation Time: Jan 25, 2017 at 08:31 AM
-- Server version: 10.1.19-MariaDB
-- PHP Version: 5.6.28

SET SQL_MODE = "NO_AUTO_VALUE_ON_ZERO";
SET time_zone = "+00:00";


/*!40101 SET @OLD_CHARACTER_SET_CLIENT=@@CHARACTER_SET_CLIENT */;
/*!40101 SET @OLD_CHARACTER_SET_RESULTS=@@CHARACTER_SET_RESULTS */;
/*!40101 SET @OLD_COLLATION_CONNECTION=@@COLLATION_CONNECTION */;
/*!40101 SET NAMES utf8mb4 */;

--
-- Database: `hms`
--

-- --------------------------------------------------------

--
-- Table structure for table `accountant`
--

CREATE TABLE `accountant` (
  `accountant_id` int(11) NOT NULL,
  `name` longtext CHARACTER SET utf8 COLLATE utf8_unicode_ci NOT NULL,
  `email` longtext CHARACTER SET utf8 COLLATE utf8_unicode_ci NOT NULL,
  `password` longtext CHARACTER SET utf8 COLLATE utf8_unicode_ci NOT NULL,
  `address` longtext CHARACTER SET utf8 COLLATE utf8_unicode_ci NOT NULL,
  `phone` longtext CHARACTER SET utf8 COLLATE utf8_unicode_ci NOT NULL
) ENGINE=MyISAM DEFAULT CHARSET=latin1;

--
-- Dumping data for table `accountant`
--

INSERT INTO `accountant` (`accountant_id`, `name`, `email`, `password`, `address`, `phone`) VALUES
(1, 'Accountant', 'acc@gmail.com', '7110eda4d09e062aa5e4a390b0a572ac0d2c0220', '', '');

-- --------------------------------------------------------

--
-- Table structure for table `admin`
--

CREATE TABLE `admin` (
  `admin_id` int(11) NOT NULL,
  `name` longtext COLLATE utf8_unicode_ci NOT NULL,
  `email` longtext COLLATE utf8_unicode_ci NOT NULL,
  `password` longtext COLLATE utf8_unicode_ci NOT NULL
) ENGINE=MyISAM DEFAULT CHARSET=utf8 COLLATE=utf8_unicode_ci;

--
-- Dumping data for table `admin`
--

INSERT INTO `admin` (`admin_id`, `name`, `email`, `password`) VALUES
(1, 'Mr. Admin', 'admin@admin.com', '226cc9f2e9a74bb39696d9f9ab3d7ffa68e29205');

-- --------------------------------------------------------

--
-- Table structure for table `appointment`
--

CREATE TABLE `appointment` (
  `appointment_id` int(11) NOT NULL,
  `timestamp` longtext COLLATE utf8_unicode_ci NOT NULL,
  `doctor_id` int(11) NOT NULL,
  `patient_id` int(11) NOT NULL,
  `status` longtext COLLATE utf8_unicode_ci NOT NULL,
  `user_id` varchar(255) COLLATE utf8_unicode_ci DEFAULT NULL,
  `bording_number` varchar(255) COLLATE utf8_unicode_ci DEFAULT NULL,
  `appointment_type` varchar(255) COLLATE utf8_unicode_ci DEFAULT NULL
) ENGINE=MyISAM DEFAULT CHARSET=utf8 COLLATE=utf8_unicode_ci;

--
-- Dumping data for table `appointment`
--

INSERT INTO `appointment` (`appointment_id`, `timestamp`, `doctor_id`, `patient_id`, `status`, `user_id`, `bording_number`, `appointment_type`) VALUES
(81, '1484543400', 0, 19, 'approved', NULL, ' 22', NULL),
(82, '1483927800', 0, 18, 'approved', NULL, ' ', NULL),
(80, '1484619300', 0, 22, 'approved', NULL, ' 4', NULL),
(91, '1484878200', 23, 40, 'approved', NULL, '', 'Vaccination'),
(94, '1484878200', 3, 40, 'approved', '23', '', 'Consultation'),
(95, '1484878800', 3, 40, 'approved', '23', '', 'Consultation');

-- --------------------------------------------------------

--
-- Table structure for table `bed`
--

CREATE TABLE `bed` (
  `bed_id` int(11) NOT NULL,
  `bed_number` longtext CHARACTER SET utf8 COLLATE utf8_unicode_ci NOT NULL,
  `type` longtext NOT NULL COMMENT 'ward,cabin,ICU',
  `status` int(11) NOT NULL DEFAULT '0' COMMENT '0=unalloted;1=alloted',
  `description` longtext CHARACTER SET utf8 COLLATE utf8_unicode_ci NOT NULL
) ENGINE=MyISAM DEFAULT CHARSET=latin1;

--
-- Dumping data for table `bed`
--

INSERT INTO `bed` (`bed_id`, `bed_number`, `type`, `status`, `description`) VALUES
(1, '23', 'ward', 0, '2323');

-- --------------------------------------------------------

--
-- Table structure for table `bed_allotment`
--

CREATE TABLE `bed_allotment` (
  `bed_allotment_id` int(11) NOT NULL,
  `bed_id` int(11) NOT NULL,
  `patient_id` int(11) NOT NULL,
  `allotment_date` longtext CHARACTER SET utf8 COLLATE utf8_unicode_ci NOT NULL,
  `discharge_time` longtext CHARACTER SET utf8 COLLATE utf8_unicode_ci NOT NULL,
  `discharge_date` longtext,
  `allotment_time` varchar(255) DEFAULT NULL
) ENGINE=MyISAM DEFAULT CHARSET=latin1;

--
-- Dumping data for table `bed_allotment`
--

INSERT INTO `bed_allotment` (`bed_allotment_id`, `bed_id`, `patient_id`, `allotment_date`, `discharge_time`, `discharge_date`, `allotment_time`) VALUES
(4, 1, 19, '1483488000', '1484273700', '1482710400', '1484270100'),
(5, 1, 19, '1484265600', '1484273400', '1484265600', '1484269800'),
(6, 1, 19, '1484265600', '1484278500', '1482796800', '1484277600');

-- --------------------------------------------------------

--
-- Table structure for table `blood_bank`
--

CREATE TABLE `blood_bank` (
  `blood_group_id` int(11) NOT NULL,
  `blood_group` longtext CHARACTER SET utf8 COLLATE utf8_unicode_ci NOT NULL,
  `status` longtext CHARACTER SET utf8 COLLATE utf8_unicode_ci NOT NULL
) ENGINE=MyISAM DEFAULT CHARSET=latin1;

-- --------------------------------------------------------

--
-- Table structure for table `blood_donor`
--

CREATE TABLE `blood_donor` (
  `blood_donor_id` int(11) NOT NULL,
  `name` longtext CHARACTER SET utf8 COLLATE utf8_unicode_ci NOT NULL,
  `blood_group` longtext CHARACTER SET utf8 COLLATE utf8_unicode_ci NOT NULL,
  `sex` longtext CHARACTER SET utf8 COLLATE utf8_unicode_ci NOT NULL,
  `age` int(11) NOT NULL,
  `phone` longtext CHARACTER SET utf8 COLLATE utf8_unicode_ci NOT NULL,
  `email` longtext CHARACTER SET utf8 COLLATE utf8_unicode_ci NOT NULL,
  `address` longtext CHARACTER SET utf8 COLLATE utf8_unicode_ci NOT NULL,
  `last_donation_timestamp` int(11) NOT NULL,
  `user_id` varchar(255) DEFAULT NULL,
  `doctor_id` varchar(255) DEFAULT NULL
) ENGINE=MyISAM DEFAULT CHARSET=latin1;

--
-- Dumping data for table `blood_donor`
--

INSERT INTO `blood_donor` (`blood_donor_id`, `name`, `blood_group`, `sex`, `age`, `phone`, `email`, `address`, `last_donation_timestamp`, `user_id`, `doctor_id`) VALUES
(2, 's', 'A-', 'male', 34, '4343', 'dsd2e343@3443', '4343', 1484179200, NULL, NULL),
(3, 'dsww', 'A+', 'male', 343, '4343', 'fdf@3434', '                                    343                                ', 1484870400, '25', '2'),
(4, 'dsfdf', 'A+', 'male', 343, '34343', 'ddg@23434', 'dgdg', 1484870400, '25', '2');

-- --------------------------------------------------------

--
-- Table structure for table `ci_sessions`
--

CREATE TABLE `ci_sessions` (
  `id` varchar(40) COLLATE utf8_unicode_ci NOT NULL,
  `ip_address` varchar(45) COLLATE utf8_unicode_ci NOT NULL,
  `timestamp` int(10) UNSIGNED NOT NULL DEFAULT '0',
  `data` blob NOT NULL
) ENGINE=InnoDB DEFAULT CHARSET=utf8 COLLATE=utf8_unicode_ci;

--
-- Dumping data for table `ci_sessions`
--

INSERT INTO `ci_sessions` (`id`, `ip_address`, `timestamp`, `data`) VALUES
('04d4192276fd63dc3dddeb4db1fd4e21ee6d7324', '127.0.0.1', 1485257080, 0x5f5f63695f6c6173745f726567656e65726174657c693a313438353235363738343b6c6173745f706167657c733a35363a22687474703a2f2f3132372e302e302e312f446973636f7665724d795065742f696e6465782e7068703f2f646f63746f722f70617469656e74223b646f63746f725f6c6f67696e7c733a313a2231223b6c6f67696e5f757365725f69647c733a313a2232223b6e616d657c733a373a2250726974657368223b6c6f67696e5f747970657c733a363a22646f63746f72223b),
('0567ac996c9456d1dd2cfe1f67a0c1da348ad213', '127.0.0.1', 1485270547, 0x5f5f63695f6c6173745f726567656e65726174657c693a313438353237303336343b6c6173745f706167657c733a35363a22687474703a2f2f3132372e302e302e312f446973636f7665724d795065742f696e6465782e7068703f2f646f63746f722f70617469656e74223b646f63746f725f6c6f67696e7c733a313a2231223b6c6f67696e5f757365725f69647c733a313a2232223b6e616d657c733a373a2250726974657368223b6c6f67696e5f747970657c733a363a22646f63746f72223b),
('098ebdf46860ec546071461fb8436c8debdd1e90', '127.0.0.1', 1485272891, 0x5f5f63695f6c6173745f726567656e65726174657c693a313438353237323630393b6c6173745f706167657c733a35363a22687474703a2f2f3132372e302e302e312f446973636f7665724d795065742f696e6465782e7068703f2f646f63746f722f70617469656e74223b646f63746f725f6c6f67696e7c733a313a2231223b6c6f67696e5f757365725f69647c733a313a2232223b6e616d657c733a373a2250726974657368223b6c6f67696e5f747970657c733a363a22646f63746f72223b),
('09a9e8b0fd8b11174cda2d6f89b621c519a9d4ed', '127.0.0.1', 1485184330, 0x5f5f63695f6c6173745f726567656e65726174657c693a313438353138343033313b646f63746f725f6c6f67696e7c733a313a2231223b6c6f67696e5f757365725f69647c733a313a2232223b6e616d657c733a373a2250726974657368223b6c6f67696e5f747970657c733a363a22646f63746f72223b),
('0a3fc5b2159d169b901c7fb18ff9b0968e88b9a0', '127.0.0.1', 1485239813, 0x5f5f63695f6c6173745f726567656e65726174657c693a313438353233393537323b6c6173745f706167657c733a35363a22687474703a2f2f3132372e302e302e312f446973636f7665724d795065742f696e6465782e7068703f2f646f63746f722f70617469656e74223b646f63746f725f6c6f67696e7c733a313a2231223b6c6f67696e5f757365725f69647c733a313a2232223b6e616d657c733a373a2250726974657368223b6c6f67696e5f747970657c733a363a22646f63746f72223b),
('0db09712d549c672f857111a8a611adaa56abac8', '127.0.0.1', 1485182871, 0x5f5f63695f6c6173745f726567656e65726174657c693a313438353138323633333b646f63746f725f6c6f67696e7c733a313a2231223b6c6f67696e5f757365725f69647c733a313a2232223b6e616d657c733a373a2250726974657368223b6c6f67696e5f747970657c733a363a22646f63746f72223b),
('125dc23fba073e4253ef1c573c8891ba5fb5055e', '127.0.0.1', 1485268417, 0x5f5f63695f6c6173745f726567656e65726174657c693a313438353236383132373b6c6173745f706167657c733a35363a22687474703a2f2f3132372e302e302e312f446973636f7665724d795065742f696e6465782e7068703f2f646f63746f722f70617469656e74223b646f63746f725f6c6f67696e7c733a313a2231223b6c6f67696e5f757365725f69647c733a313a2232223b6e616d657c733a373a2250726974657368223b6c6f67696e5f747970657c733a363a22646f63746f72223b),
('134782fdaf3f697ea983264d83c521cd031c007b', '127.0.0.1', 1485252022, 0x5f5f63695f6c6173745f726567656e65726174657c693a313438353235313732383b6c6173745f706167657c733a35363a22687474703a2f2f3132372e302e302e312f446973636f7665724d795065742f696e6465782e7068703f2f646f63746f722f70617469656e74223b646f63746f725f6c6f67696e7c733a313a2231223b6c6f67696e5f757365725f69647c733a313a2232223b6e616d657c733a373a2250726974657368223b6c6f67696e5f747970657c733a363a22646f63746f72223b),
('13c582acaab151563233243fc21a6d8384a196c9', '127.0.0.1', 1485175062, 0x5f5f63695f6c6173745f726567656e65726174657c693a313438353137343835303b646f63746f725f6c6f67696e7c733a313a2231223b6c6f67696e5f757365725f69647c733a313a2232223b6e616d657c733a373a2250726974657368223b6c6f67696e5f747970657c733a363a22646f63746f72223b),
('13c6dd8db1447032ab6619be4bdb25c1a81ea0cd', '127.0.0.1', 1485255309, 0x5f5f63695f6c6173745f726567656e65726174657c693a313438353235353132333b6c6173745f706167657c733a35363a22687474703a2f2f3132372e302e302e312f446973636f7665724d795065742f696e6465782e7068703f2f646f63746f722f70617469656e74223b646f63746f725f6c6f67696e7c733a313a2231223b6c6f67696e5f757365725f69647c733a313a2232223b6e616d657c733a373a2250726974657368223b6c6f67696e5f747970657c733a363a22646f63746f72223b),
('14f828f8dd2450cdfeeac50ea1d437122533d4ab', '127.0.0.1', 1485253602, 0x5f5f63695f6c6173745f726567656e65726174657c693a313438353235333332383b6c6173745f706167657c733a35363a22687474703a2f2f3132372e302e302e312f446973636f7665724d795065742f696e6465782e7068703f2f646f63746f722f70617469656e74223b646f63746f725f6c6f67696e7c733a313a2231223b6c6f67696e5f757365725f69647c733a313a2232223b6e616d657c733a373a2250726974657368223b6c6f67696e5f747970657c733a363a22646f63746f72223b),
('14fda9c12e1154e258cb7d1704f054f9a5785784', '127.0.0.1', 1485242328, 0x5f5f63695f6c6173745f726567656e65726174657c693a313438353234323035323b6c6173745f706167657c733a35363a22687474703a2f2f3132372e302e302e312f446973636f7665724d795065742f696e6465782e7068703f2f646f63746f722f70617469656e74223b646f63746f725f6c6f67696e7c733a313a2231223b6c6f67696e5f757365725f69647c733a313a2232223b6e616d657c733a373a2250726974657368223b6c6f67696e5f747970657c733a363a22646f63746f72223b),
('1636df9652035db76dc97a9bf3714ea80798ba06', '127.0.0.1', 1485248640, 0x5f5f63695f6c6173745f726567656e65726174657c693a313438353234383335353b6c6173745f706167657c733a35363a22687474703a2f2f3132372e302e302e312f446973636f7665724d795065742f696e6465782e7068703f2f646f63746f722f70617469656e74223b646f63746f725f6c6f67696e7c733a313a2231223b6c6f67696e5f757365725f69647c733a313a2232223b6e616d657c733a373a2250726974657368223b6c6f67696e5f747970657c733a363a22646f63746f72223b),
('16da7ae9c6240b00ef78f8fc509335daaf3d7d86', '127.0.0.1', 1485258775, 0x5f5f63695f6c6173745f726567656e65726174657c693a313438353235383636363b6c6173745f706167657c733a35363a22687474703a2f2f3132372e302e302e312f446973636f7665724d795065742f696e6465782e7068703f2f646f63746f722f70617469656e74223b646f63746f725f6c6f67696e7c733a313a2231223b6c6f67696e5f757365725f69647c733a313a2232223b6e616d657c733a373a2250726974657368223b6c6f67696e5f747970657c733a363a22646f63746f72223b),
('1a64454996f49061ec2be9c694fd66618b1212a7', '127.0.0.1', 1485240704, 0x5f5f63695f6c6173745f726567656e65726174657c693a313438353234303434353b6c6173745f706167657c733a35363a22687474703a2f2f3132372e302e302e312f446973636f7665724d795065742f696e6465782e7068703f2f646f63746f722f70617469656e74223b646f63746f725f6c6f67696e7c733a313a2231223b6c6f67696e5f757365725f69647c733a313a2232223b6e616d657c733a373a2250726974657368223b6c6f67696e5f747970657c733a363a22646f63746f72223b),
('1be258f7b166a1ac29ca231216fa7c6420c4818f', '127.0.0.1', 1485256465, 0x5f5f63695f6c6173745f726567656e65726174657c693a313438353235363136363b6c6173745f706167657c733a35363a22687474703a2f2f3132372e302e302e312f446973636f7665724d795065742f696e6465782e7068703f2f646f63746f722f70617469656e74223b646f63746f725f6c6f67696e7c733a313a2231223b6c6f67696e5f757365725f69647c733a313a2232223b6e616d657c733a373a2250726974657368223b6c6f67696e5f747970657c733a363a22646f63746f72223b),
('1d617df50948a215f5dbd6cd988fed68c774d430', '127.0.0.1', 1485182555, 0x5f5f63695f6c6173745f726567656e65726174657c693a313438353138323330353b646f63746f725f6c6f67696e7c733a313a2231223b6c6f67696e5f757365725f69647c733a313a2232223b6e616d657c733a373a2250726974657368223b6c6f67696e5f747970657c733a363a22646f63746f72223b),
('1efdf5c82a1b88e7da2143b7ba9400931371c78a', '127.0.0.1', 1485255824, 0x5f5f63695f6c6173745f726567656e65726174657c693a313438353235353533383b6c6173745f706167657c733a35363a22687474703a2f2f3132372e302e302e312f446973636f7665724d795065742f696e6465782e7068703f2f646f63746f722f70617469656e74223b646f63746f725f6c6f67696e7c733a313a2231223b6c6f67696e5f757365725f69647c733a313a2232223b6e616d657c733a373a2250726974657368223b6c6f67696e5f747970657c733a363a22646f63746f72223b),
('220f5264cd7f4bef7626929361af8df622099743', '127.0.0.1', 1485183154, 0x5f5f63695f6c6173745f726567656e65726174657c693a313438353138323936303b646f63746f725f6c6f67696e7c733a313a2231223b6c6f67696e5f757365725f69647c733a313a2232223b6e616d657c733a373a2250726974657368223b6c6f67696e5f747970657c733a363a22646f63746f72223b),
('241f309ce81b2f0710c3d88ff83433bc6e8256d9', '127.0.0.1', 1485256765, 0x5f5f63695f6c6173745f726567656e65726174657c693a313438353235363437373b6c6173745f706167657c733a35363a22687474703a2f2f3132372e302e302e312f446973636f7665724d795065742f696e6465782e7068703f2f646f63746f722f70617469656e74223b646f63746f725f6c6f67696e7c733a313a2231223b6c6f67696e5f757365725f69647c733a313a2232223b6e616d657c733a373a2250726974657368223b6c6f67696e5f747970657c733a363a22646f63746f72223b),
('24b80d6e71363c3be5583178689573516ffddb45', '127.0.0.1', 1485257387, 0x5f5f63695f6c6173745f726567656e65726174657c693a313438353235373038383b6c6173745f706167657c733a35363a22687474703a2f2f3132372e302e302e312f446973636f7665724d795065742f696e6465782e7068703f2f646f63746f722f70617469656e74223b646f63746f725f6c6f67696e7c733a313a2231223b6c6f67696e5f757365725f69647c733a313a2232223b6e616d657c733a373a2250726974657368223b6c6f67696e5f747970657c733a363a22646f63746f72223b),
('28b421cd6cc900e70b8bc77dbc4cd6686cfc8675', '127.0.0.1', 1485243127, 0x5f5f63695f6c6173745f726567656e65726174657c693a313438353234333132363b6c6173745f706167657c733a35363a22687474703a2f2f3132372e302e302e312f446973636f7665724d795065742f696e6465782e7068703f2f646f63746f722f70617469656e74223b646f63746f725f6c6f67696e7c733a313a2231223b6c6f67696e5f757365725f69647c733a313a2232223b6e616d657c733a373a2250726974657368223b6c6f67696e5f747970657c733a363a22646f63746f72223b),
('292f5e4bd8335307e4b27ff0c1ac256c1301913f', '127.0.0.1', 1485267192, 0x5f5f63695f6c6173745f726567656e65726174657c693a313438353236363934393b6c6173745f706167657c733a35363a22687474703a2f2f3132372e302e302e312f446973636f7665724d795065742f696e6465782e7068703f2f646f63746f722f70617469656e74223b646f63746f725f6c6f67696e7c733a313a2231223b6c6f67696e5f757365725f69647c733a313a2232223b6e616d657c733a373a2250726974657368223b6c6f67696e5f747970657c733a363a22646f63746f72223b6d6573736167657c733a33363a224e6577204e6f74696669636174696f6e20437265617465642053756365737366756c6c79223b5f5f63695f766172737c613a313a7b733a373a226d657373616765223b733a333a226f6c64223b7d),
('2c00fb569300f24810f2ea2667ffa18852379462', '127.0.0.1', 1485181070, 0x5f5f63695f6c6173745f726567656e65726174657c693a313438353138303836383b646f63746f725f6c6f67696e7c733a313a2231223b6c6f67696e5f757365725f69647c733a313a2232223b6e616d657c733a373a2250726974657368223b6c6f67696e5f747970657c733a363a22646f63746f72223b),
('34c4c0d8fe441d09d05c2d96e4e3b2d97b911fd1', '127.0.0.1', 1485180415, 0x5f5f63695f6c6173745f726567656e65726174657c693a313438353138303132353b646f63746f725f6c6f67696e7c733a313a2231223b6c6f67696e5f757365725f69647c733a313a2232223b6e616d657c733a373a2250726974657368223b6c6f67696e5f747970657c733a363a22646f63746f72223b),
('34fb8eac405af7b2b78699c6271ea693b0b586eb', '127.0.0.1', 1485243631, 0x5f5f63695f6c6173745f726567656e65726174657c693a313438353234333439313b6c6173745f706167657c733a35363a22687474703a2f2f3132372e302e302e312f446973636f7665724d795065742f696e6465782e7068703f2f646f63746f722f70617469656e74223b646f63746f725f6c6f67696e7c733a313a2231223b6c6f67696e5f757365725f69647c733a313a2232223b6e616d657c733a373a2250726974657368223b6c6f67696e5f747970657c733a363a22646f63746f72223b),
('35827e1ae01fd086f439ae9cabe00b719fbf3cfd', '127.0.0.1', 1485264157, 0x5f5f63695f6c6173745f726567656e65726174657c693a313438353236343133383b6c6173745f706167657c733a35363a22687474703a2f2f3132372e302e302e312f446973636f7665724d795065742f696e6465782e7068703f2f646f63746f722f70617469656e74223b646f63746f725f6c6f67696e7c733a313a2231223b6c6f67696e5f757365725f69647c733a313a2232223b6e616d657c733a373a2250726974657368223b6c6f67696e5f747970657c733a363a22646f63746f72223b),
('3dc56af51563e1dd27dc6b2b6e2a1c22b0f8e96b', '127.0.0.1', 1485250484, 0x5f5f63695f6c6173745f726567656e65726174657c693a313438353235303138393b6c6173745f706167657c733a35363a22687474703a2f2f3132372e302e302e312f446973636f7665724d795065742f696e6465782e7068703f2f646f63746f722f70617469656e74223b646f63746f725f6c6f67696e7c733a313a2231223b6c6f67696e5f757365725f69647c733a313a2232223b6e616d657c733a373a2250726974657368223b6c6f67696e5f747970657c733a363a22646f63746f72223b),
('3e1366467546fbf61cb8b5fa55f90430b4393044', '127.0.0.1', 1485245212, 0x5f5f63695f6c6173745f726567656e65726174657c693a313438353234343931333b6c6173745f706167657c733a35363a22687474703a2f2f3132372e302e302e312f446973636f7665724d795065742f696e6465782e7068703f2f646f63746f722f70617469656e74223b646f63746f725f6c6f67696e7c733a313a2231223b6c6f67696e5f757365725f69647c733a313a2232223b6e616d657c733a373a2250726974657368223b6c6f67696e5f747970657c733a363a22646f63746f72223b),
('3f29b6d238e5c6022d4191d8112ddfd3f1c8fd6c', '127.0.0.1', 1485240223, 0x5f5f63695f6c6173745f726567656e65726174657c693a313438353233393933353b6c6173745f706167657c733a35363a22687474703a2f2f3132372e302e302e312f446973636f7665724d795065742f696e6465782e7068703f2f646f63746f722f70617469656e74223b646f63746f725f6c6f67696e7c733a313a2231223b6c6f67696e5f757365725f69647c733a313a2232223b6e616d657c733a373a2250726974657368223b6c6f67696e5f747970657c733a363a22646f63746f72223b),
('3f81c5df995ecef9171557b2fb36b4dc46c5fae2', '127.0.0.1', 1485272554, 0x5f5f63695f6c6173745f726567656e65726174657c693a313438353237323235353b6c6173745f706167657c733a35363a22687474703a2f2f3132372e302e302e312f446973636f7665724d795065742f696e6465782e7068703f2f646f63746f722f70617469656e74223b646f63746f725f6c6f67696e7c733a313a2231223b6c6f67696e5f757365725f69647c733a313a2232223b6e616d657c733a373a2250726974657368223b6c6f67696e5f747970657c733a363a22646f63746f72223b),
('4181cead802faf5e408a4c4e1f44c85fafdcfd23', '127.0.0.1', 1485186829, 0x5f5f63695f6c6173745f726567656e65726174657c693a313438353138363633373b646f63746f725f6c6f67696e7c733a313a2231223b6c6f67696e5f757365725f69647c733a313a2232223b6e616d657c733a373a2250726974657368223b6c6f67696e5f747970657c733a363a22646f63746f72223b),
('43ada91ccc7e3f9e2f3d0e1c7b56eb05cbfb54b3', '127.0.0.1', 1485258271, 0x5f5f63695f6c6173745f726567656e65726174657c693a313438353235383030363b6c6173745f706167657c733a35363a22687474703a2f2f3132372e302e302e312f446973636f7665724d795065742f696e6465782e7068703f2f646f63746f722f70617469656e74223b646f63746f725f6c6f67696e7c733a313a2231223b6c6f67696e5f757365725f69647c733a313a2232223b6e616d657c733a373a2250726974657368223b6c6f67696e5f747970657c733a363a22646f63746f72223b),
('4447522dcb152e6a95784567e4024ff87a875642', '127.0.0.1', 1485252610, 0x5f5f63695f6c6173745f726567656e65726174657c693a313438353235323333333b6c6173745f706167657c733a35363a22687474703a2f2f3132372e302e302e312f446973636f7665724d795065742f696e6465782e7068703f2f646f63746f722f70617469656e74223b646f63746f725f6c6f67696e7c733a313a2231223b6c6f67696e5f757365725f69647c733a313a2232223b6e616d657c733a373a2250726974657368223b6c6f67696e5f747970657c733a363a22646f63746f72223b6d6573736167657c733a33333a224865616c7468205265636f726420437265617465642053756365737366756c6c79223b5f5f63695f766172737c613a313a7b733a373a226d657373616765223b733a333a226f6c64223b7d),
('44c89234a6cd86652be9a52e35f16a1fe1f1beb3', '127.0.0.1', 1485178293, 0x5f5f63695f6c6173745f726567656e65726174657c693a313438353137373939343b646f63746f725f6c6f67696e7c733a313a2231223b6c6f67696e5f757365725f69647c733a313a2232223b6e616d657c733a373a2250726974657368223b6c6f67696e5f747970657c733a363a22646f63746f72223b),
('4612f9c5ebea7b934f3067cd14267b8be6e66315', '127.0.0.1', 1485252324, 0x5f5f63695f6c6173745f726567656e65726174657c693a313438353235323033323b6c6173745f706167657c733a35363a22687474703a2f2f3132372e302e302e312f446973636f7665724d795065742f696e6465782e7068703f2f646f63746f722f70617469656e74223b646f63746f725f6c6f67696e7c733a313a2231223b6c6f67696e5f757365725f69647c733a313a2232223b6e616d657c733a373a2250726974657368223b6c6f67696e5f747970657c733a363a22646f63746f72223b),
('46a201a5dadb265fc020e7dc1fa31b74e397e8db', '127.0.0.1', 1485251396, 0x5f5f63695f6c6173745f726567656e65726174657c693a313438353235313339333b6c6173745f706167657c733a35363a22687474703a2f2f3132372e302e302e312f446973636f7665724d795065742f696e6465782e7068703f2f646f63746f722f70617469656e74223b646f63746f725f6c6f67696e7c733a313a2231223b6c6f67696e5f757365725f69647c733a313a2232223b6e616d657c733a373a2250726974657368223b6c6f67696e5f747970657c733a363a22646f63746f72223b),
('48bc8c88ec9b8deefc83077aa45fee902afb7c36', '127.0.0.1', 1485253214, 0x5f5f63695f6c6173745f726567656e65726174657c693a313438353235333032363b6c6173745f706167657c733a35363a22687474703a2f2f3132372e302e302e312f446973636f7665724d795065742f696e6465782e7068703f2f646f63746f722f70617469656e74223b646f63746f725f6c6f67696e7c733a313a2231223b6c6f67696e5f757365725f69647c733a313a2232223b6e616d657c733a373a2250726974657368223b6c6f67696e5f747970657c733a363a22646f63746f72223b6d6573736167657c733a33333a224865616c7468205265636f726420437265617465642053756365737366756c6c79223b5f5f63695f766172737c613a313a7b733a373a226d657373616765223b733a333a226f6c64223b7d),
('4954ce7a35a41eb4d835c6313892f49c9ab97e13', '127.0.0.1', 1485242672, 0x5f5f63695f6c6173745f726567656e65726174657c693a313438353234323430393b6c6173745f706167657c733a35363a22687474703a2f2f3132372e302e302e312f446973636f7665724d795065742f696e6465782e7068703f2f646f63746f722f70617469656e74223b646f63746f725f6c6f67696e7c733a313a2231223b6c6f67696e5f757365725f69647c733a313a2232223b6e616d657c733a373a2250726974657368223b6c6f67696e5f747970657c733a363a22646f63746f72223b),
('4c72a14e04f89b690a4b2abd8fdba31f7067dd5f', '127.0.0.1', 1485178601, 0x5f5f63695f6c6173745f726567656e65726174657c693a313438353137383331333b646f63746f725f6c6f67696e7c733a313a2231223b6c6f67696e5f757365725f69647c733a313a2232223b6e616d657c733a373a2250726974657368223b6c6f67696e5f747970657c733a363a22646f63746f72223b),
('4e75eafe33ead33b423b0d2cc6624829f8793e39', '127.0.0.1', 1485186596, 0x5f5f63695f6c6173745f726567656e65726174657c693a313438353138363331373b646f63746f725f6c6f67696e7c733a313a2231223b6c6f67696e5f757365725f69647c733a313a2232223b6e616d657c733a373a2250726974657368223b6c6f67696e5f747970657c733a363a22646f63746f72223b),
('50b23683e028e96a48daeb746648a8d15c56f11c', '127.0.0.1', 1485179432, 0x5f5f63695f6c6173745f726567656e65726174657c693a313438353137393237363b646f63746f725f6c6f67696e7c733a313a2231223b6c6f67696e5f757365725f69647c733a313a2232223b6e616d657c733a373a2250726974657368223b6c6f67696e5f747970657c733a363a22646f63746f72223b),
('520f3dc33f9e44da673ab6e5e94bafc27c9b97a6', '127.0.0.1', 1485253694, 0x5f5f63695f6c6173745f726567656e65726174657c693a313438353235333635373b6c6173745f706167657c733a35363a22687474703a2f2f3132372e302e302e312f446973636f7665724d795065742f696e6465782e7068703f2f646f63746f722f70617469656e74223b646f63746f725f6c6f67696e7c733a313a2231223b6c6f67696e5f757365725f69647c733a313a2232223b6e616d657c733a373a2250726974657368223b6c6f67696e5f747970657c733a363a22646f63746f72223b),
('5258ab1f2812294ecea7fb44266e4efe53f741d4', '127.0.0.1', 1485175569, 0x5f5f63695f6c6173745f726567656e65726174657c693a313438353137353238313b646f63746f725f6c6f67696e7c733a313a2231223b6c6f67696e5f757365725f69647c733a313a2232223b6e616d657c733a373a2250726974657368223b6c6f67696e5f747970657c733a363a22646f63746f72223b),
('54e4e8893946a426e5fcb7537347c0e6e090ed74', '127.0.0.1', 1485187469, 0x5f5f63695f6c6173745f726567656e65726174657c693a313438353138373238303b646f63746f725f6c6f67696e7c733a313a2231223b6c6f67696e5f757365725f69647c733a313a2232223b6e616d657c733a373a2250726974657368223b6c6f67696e5f747970657c733a363a22646f63746f72223b),
('57ab05c7e2b7e81ca2705904fcf23f1deb43ea85', '127.0.0.1', 1485254771, 0x5f5f63695f6c6173745f726567656e65726174657c693a313438353235343730383b6c6173745f706167657c733a35363a22687474703a2f2f3132372e302e302e312f446973636f7665724d795065742f696e6465782e7068703f2f646f63746f722f70617469656e74223b646f63746f725f6c6f67696e7c733a313a2231223b6c6f67696e5f757365725f69647c733a313a2232223b6e616d657c733a373a2250726974657368223b6c6f67696e5f747970657c733a363a22646f63746f72223b),
('5c6adfb656f4b10950bc6daeef82e37453db1027', '127.0.0.1', 1485179215, 0x5f5f63695f6c6173745f726567656e65726174657c693a313438353137383934313b646f63746f725f6c6f67696e7c733a313a2231223b6c6f67696e5f757365725f69647c733a313a2232223b6e616d657c733a373a2250726974657368223b6c6f67696e5f747970657c733a363a22646f63746f72223b),
('617e25bc845c3083dd006f795734e96347656947', '127.0.0.1', 1485187177, 0x5f5f63695f6c6173745f726567656e65726174657c693a313438353138363935383b646f63746f725f6c6f67696e7c733a313a2231223b6c6f67696e5f757365725f69647c733a313a2232223b6e616d657c733a373a2250726974657368223b6c6f67696e5f747970657c733a363a22646f63746f72223b),
('620e57e4936756fb052d603e54e7f438e4a52f69', '127.0.0.1', 1485263992, 0x5f5f63695f6c6173745f726567656e65726174657c693a313438353236333638323b6c6173745f706167657c733a35363a22687474703a2f2f3132372e302e302e312f446973636f7665724d795065742f696e6465782e7068703f2f646f63746f722f70617469656e74223b646f63746f725f6c6f67696e7c733a313a2231223b6c6f67696e5f757365725f69647c733a313a2232223b6e616d657c733a373a2250726974657368223b6c6f67696e5f747970657c733a363a22646f63746f72223b),
('624e56ff885c5329e0015a16ef5d3f917a40fb8d', '127.0.0.1', 1485174032, 0x5f5f63695f6c6173745f726567656e65726174657c693a313438353137333839333b646f63746f725f6c6f67696e7c733a313a2231223b6c6f67696e5f757365725f69647c733a313a2232223b6e616d657c733a373a2250726974657368223b6c6f67696e5f747970657c733a363a22646f63746f72223b),
('674fbe685565257bd09beeff4332edef960a6c9a', '127.0.0.1', 1485237724, 0x5f5f63695f6c6173745f726567656e65726174657c693a313438353233373433323b6c6173745f706167657c733a35363a22687474703a2f2f3132372e302e302e312f446973636f7665724d795065742f696e6465782e7068703f2f646f63746f722f70617469656e74223b646f63746f725f6c6f67696e7c733a313a2231223b6c6f67696e5f757365725f69647c733a313a2232223b6e616d657c733a373a2250726974657368223b6c6f67696e5f747970657c733a363a22646f63746f72223b),
('718f9883fbb5fb4b181d6b0c6c95d2641beb75ca', '127.0.0.1', 1485270314, 0x5f5f63695f6c6173745f726567656e65726174657c693a313438353237303033363b6c6173745f706167657c733a35363a22687474703a2f2f3132372e302e302e312f446973636f7665724d795065742f696e6465782e7068703f2f646f63746f722f70617469656e74223b646f63746f725f6c6f67696e7c733a313a2231223b6c6f67696e5f757365725f69647c733a313a2232223b6e616d657c733a373a2250726974657368223b6c6f67696e5f747970657c733a363a22646f63746f72223b),
('71e00855893a060567ea4f5a6577bd3b6570338c', '127.0.0.1', 1485182240, 0x5f5f63695f6c6173745f726567656e65726174657c693a313438353138313934353b646f63746f725f6c6f67696e7c733a313a2231223b6c6f67696e5f757365725f69647c733a313a2232223b6e616d657c733a373a2250726974657368223b6c6f67696e5f747970657c733a363a22646f63746f72223b),
('74dc641be5838f67b56c6d1f6577af6d6b91c4e1', '127.0.0.1', 1485256152, 0x5f5f63695f6c6173745f726567656e65726174657c693a313438353235353835393b6c6173745f706167657c733a35363a22687474703a2f2f3132372e302e302e312f446973636f7665724d795065742f696e6465782e7068703f2f646f63746f722f70617469656e74223b646f63746f725f6c6f67696e7c733a313a2231223b6c6f67696e5f757365725f69647c733a313a2232223b6e616d657c733a373a2250726974657368223b6c6f67696e5f747970657c733a363a22646f63746f72223b),
('7696c57a4f40b5b0c0e79dd743a725d27112a704', '127.0.0.1', 1485181769, 0x5f5f63695f6c6173745f726567656e65726174657c693a313438353138313532383b646f63746f725f6c6f67696e7c733a313a2231223b6c6f67696e5f757365725f69647c733a313a2232223b6e616d657c733a373a2250726974657368223b6c6f67696e5f747970657c733a363a22646f63746f72223b),
('79f0c2af516ccaec92b44c1178098e19669eaf17', '127.0.0.1', 1485242724, 0x5f5f63695f6c6173745f726567656e65726174657c693a313438353234323732333b6c6173745f706167657c733a35363a22687474703a2f2f3132372e302e302e312f446973636f7665724d795065742f696e6465782e7068703f2f646f63746f722f70617469656e74223b646f63746f725f6c6f67696e7c733a313a2231223b6c6f67696e5f757365725f69647c733a313a2232223b6e616d657c733a373a2250726974657368223b6c6f67696e5f747970657c733a363a22646f63746f72223b),
('7be8b5d616036c91606b28674e656b42689d1fad', '127.0.0.1', 1485238421, 0x5f5f63695f6c6173745f726567656e65726174657c693a313438353233383334353b6c6173745f706167657c733a35363a22687474703a2f2f3132372e302e302e312f446973636f7665724d795065742f696e6465782e7068703f2f646f63746f722f70617469656e74223b646f63746f725f6c6f67696e7c733a313a2231223b6c6f67696e5f757365725f69647c733a313a2232223b6e616d657c733a373a2250726974657368223b6c6f67696e5f747970657c733a363a22646f63746f72223b),
('827b64341049daa6a7ec2634db97efeac8e05a8f', '127.0.0.1', 1485272235, 0x5f5f63695f6c6173745f726567656e65726174657c693a313438353237313935343b6c6173745f706167657c733a35363a22687474703a2f2f3132372e302e302e312f446973636f7665724d795065742f696e6465782e7068703f2f646f63746f722f70617469656e74223b646f63746f725f6c6f67696e7c733a313a2231223b6c6f67696e5f757365725f69647c733a313a2232223b6e616d657c733a373a2250726974657368223b6c6f67696e5f747970657c733a363a22646f63746f72223b),
('8337349872ee178c63cf2007cda19b857ad1044b', '127.0.0.1', 1485258608, 0x5f5f63695f6c6173745f726567656e65726174657c693a313438353235383331323b6c6173745f706167657c733a35363a22687474703a2f2f3132372e302e302e312f446973636f7665724d795065742f696e6465782e7068703f2f646f63746f722f70617469656e74223b646f63746f725f6c6f67696e7c733a313a2231223b6c6f67696e5f757365725f69647c733a313a2232223b6e616d657c733a373a2250726974657368223b6c6f67696e5f747970657c733a363a22646f63746f72223b),
('8619885d70877829322e7e25d192b87d0512838f', '127.0.0.1', 1485185635, 0x5f5f63695f6c6173745f726567656e65726174657c693a313438353138353334343b646f63746f725f6c6f67696e7c733a313a2231223b6c6f67696e5f757365725f69647c733a313a2232223b6e616d657c733a373a2250726974657368223b6c6f67696e5f747970657c733a363a22646f63746f72223b),
('867ba7b4a0ca67255dcfdbfe3699dbd3434ff64c', '127.0.0.1', 1485250035, 0x5f5f63695f6c6173745f726567656e65726174657c693a313438353234393739303b6c6173745f706167657c733a35363a22687474703a2f2f3132372e302e302e312f446973636f7665724d795065742f696e6465782e7068703f2f646f63746f722f70617469656e74223b646f63746f725f6c6f67696e7c733a313a2231223b6c6f67696e5f757365725f69647c733a313a2232223b6e616d657c733a373a2250726974657368223b6c6f67696e5f747970657c733a363a22646f63746f72223b),
('8b6a2d315c4c8e9268abcb214de76b47d3016cc4', '127.0.0.1', 1485237025, 0x5f5f63695f6c6173745f726567656e65726174657c693a313438353233363931373b6c6173745f706167657c733a35363a22687474703a2f2f3132372e302e302e312f446973636f7665724d795065742f696e6465782e7068703f2f646f63746f722f70617469656e74223b646f63746f725f6c6f67696e7c733a313a2231223b6c6f67696e5f757365725f69647c733a313a2232223b6e616d657c733a373a2250726974657368223b6c6f67696e5f747970657c733a363a22646f63746f72223b),
('8d2e356d44b44ac1a16279d280abb15fa833ac8d', '127.0.0.1', 1485178926, 0x5f5f63695f6c6173745f726567656e65726174657c693a313438353137383633333b646f63746f725f6c6f67696e7c733a313a2231223b6c6f67696e5f757365725f69647c733a313a2232223b6e616d657c733a373a2250726974657368223b6c6f67696e5f747970657c733a363a22646f63746f72223b),
('8d3bd1fb5fd098a68a6033ab99e52ebe4c6ccbc6', '127.0.0.1', 1485240963, 0x5f5f63695f6c6173745f726567656e65726174657c693a313438353234303737373b6c6173745f706167657c733a35363a22687474703a2f2f3132372e302e302e312f446973636f7665724d795065742f696e6465782e7068703f2f646f63746f722f70617469656e74223b646f63746f725f6c6f67696e7c733a313a2231223b6c6f67696e5f757365725f69647c733a313a2232223b6e616d657c733a373a2250726974657368223b6c6f67696e5f747970657c733a363a22646f63746f72223b),
('94c67a6593b95b143f0c501c46a059a4e8aa4614', '127.0.0.1', 1485177821, 0x5f5f63695f6c6173745f726567656e65726174657c693a313438353137373631343b646f63746f725f6c6f67696e7c733a313a2231223b6c6f67696e5f757365725f69647c733a313a2232223b6e616d657c733a373a2250726974657368223b6c6f67696e5f747970657c733a363a22646f63746f72223b),
('95acc4740c079350d958d78ef224d73ddf1a9060', '127.0.0.1', 1485254637, 0x5f5f63695f6c6173745f726567656e65726174657c693a313438353235343336353b6c6173745f706167657c733a35363a22687474703a2f2f3132372e302e302e312f446973636f7665724d795065742f696e6465782e7068703f2f646f63746f722f70617469656e74223b646f63746f725f6c6f67696e7c733a313a2231223b6c6f67696e5f757365725f69647c733a313a2232223b6e616d657c733a373a2250726974657368223b6c6f67696e5f747970657c733a363a22646f63746f72223b),
('97c449dde5073c7370777b65649126fac94a001c', '127.0.0.1', 1485265281, 0x5f5f63695f6c6173745f726567656e65726174657c693a313438353236353237363b6c6173745f706167657c733a35363a22687474703a2f2f3132372e302e302e312f446973636f7665724d795065742f696e6465782e7068703f2f646f63746f722f70617469656e74223b646f63746f725f6c6f67696e7c733a313a2231223b6c6f67696e5f757365725f69647c733a313a2232223b6e616d657c733a373a2250726974657368223b6c6f67696e5f747970657c733a363a22646f63746f72223b),
('990b13a25e89e55d28e1f3d4c663ebdeaaf42682', '127.0.0.1', 1485268726, 0x5f5f63695f6c6173745f726567656e65726174657c693a313438353236383439353b6c6173745f706167657c733a35363a22687474703a2f2f3132372e302e302e312f446973636f7665724d795065742f696e6465782e7068703f2f646f63746f722f70617469656e74223b646f63746f725f6c6f67696e7c733a313a2231223b6c6f67696e5f757365725f69647c733a313a2232223b6e616d657c733a373a2250726974657368223b6c6f67696e5f747970657c733a363a22646f63746f72223b),
('9bb470d2920c4d6fcef747f8afbf34c5d7d1c0b7', '127.0.0.1', 1485269568, 0x5f5f63695f6c6173745f726567656e65726174657c693a313438353236393239343b6c6173745f706167657c733a35363a22687474703a2f2f3132372e302e302e312f446973636f7665724d795065742f696e6465782e7068703f2f646f63746f722f70617469656e74223b646f63746f725f6c6f67696e7c733a313a2231223b6c6f67696e5f757365725f69647c733a313a2232223b6e616d657c733a373a2250726974657368223b6c6f67696e5f747970657c733a363a22646f63746f72223b6d6573736167657c733a33313a224e6f74696669636174696f6e205570646174652053756365737366756c6c79223b5f5f63695f766172737c613a313a7b733a373a226d657373616765223b733a333a226f6c64223b7d),
('a089e70a4e97ba706666dcdb0f06d1f7c56b0afa', '127.0.0.1', 1485265125, 0x5f5f63695f6c6173745f726567656e65726174657c693a313438353236343835343b6c6173745f706167657c733a35363a22687474703a2f2f3132372e302e302e312f446973636f7665724d795065742f696e6465782e7068703f2f646f63746f722f70617469656e74223b646f63746f725f6c6f67696e7c733a313a2231223b6c6f67696e5f757365725f69647c733a313a2232223b6e616d657c733a373a2250726974657368223b6c6f67696e5f747970657c733a363a22646f63746f72223b),
('a1ab4eccc91ea74bbe4e7ffad074902833536c13', '127.0.0.1', 1485185822, 0x5f5f63695f6c6173745f726567656e65726174657c693a313438353138353636353b646f63746f725f6c6f67696e7c733a313a2231223b6c6f67696e5f757365725f69647c733a313a2232223b6e616d657c733a373a2250726974657368223b6c6f67696e5f747970657c733a363a22646f63746f72223b),
('a43504a2d5b06d544aa13e2289ae7926467f735d', '127.0.0.1', 1485186304, 0x5f5f63695f6c6173745f726567656e65726174657c693a313438353138363031333b646f63746f725f6c6f67696e7c733a313a2231223b6c6f67696e5f757365725f69647c733a313a2232223b6e616d657c733a373a2250726974657368223b6c6f67696e5f747970657c733a363a22646f63746f72223b),
('a690ca3951ef638608bf935d2ab652af9c32a311', '127.0.0.1', 1485174276, 0x5f5f63695f6c6173745f726567656e65726174657c693a313438353137343139363b646f63746f725f6c6f67696e7c733a313a2231223b6c6f67696e5f757365725f69647c733a313a2232223b6e616d657c733a373a2250726974657368223b6c6f67696e5f747970657c733a363a22646f63746f72223b),
('a698f1e7aa55676b9d20854d8c79cb9ade64c6cd', '127.0.0.1', 1485263634, 0x5f5f63695f6c6173745f726567656e65726174657c693a313438353236333333393b6c6173745f706167657c733a35363a22687474703a2f2f3132372e302e302e312f446973636f7665724d795065742f696e6465782e7068703f2f646f63746f722f70617469656e74223b646f63746f725f6c6f67696e7c733a313a2231223b6c6f67696e5f757365725f69647c733a313a2232223b6e616d657c733a373a2250726974657368223b6c6f67696e5f747970657c733a363a22646f63746f72223b6d6573736167657c733a33323a224865616c7468205265636f7264205570646174652053756365737366756c6c79223b5f5f63695f766172737c613a313a7b733a373a226d657373616765223b733a333a226e6577223b7d),
('ad73d1e17461d21d9fabe65879d20dbc0c59cfcc', '127.0.0.1', 1485262263, 0x5f5f63695f6c6173745f726567656e65726174657c693a313438353236323038363b6c6173745f706167657c733a35363a22687474703a2f2f3132372e302e302e312f446973636f7665724d795065742f696e6465782e7068703f2f646f63746f722f70617469656e74223b646f63746f725f6c6f67696e7c733a313a2231223b6c6f67696e5f757365725f69647c733a313a2232223b6e616d657c733a373a2250726974657368223b6c6f67696e5f747970657c733a363a22646f63746f72223b),
('adbd7eb881d6e9f9ee5fd375e7c23573056f0f82', '127.0.0.1', 1485250676, 0x5f5f63695f6c6173745f726567656e65726174657c693a313438353235303439333b6c6173745f706167657c733a35363a22687474703a2f2f3132372e302e302e312f446973636f7665724d795065742f696e6465782e7068703f2f646f63746f722f70617469656e74223b646f63746f725f6c6f67696e7c733a313a2231223b6c6f67696e5f757365725f69647c733a313a2232223b6e616d657c733a373a2250726974657368223b6c6f67696e5f747970657c733a363a22646f63746f72223b),
('afc35507546b5224bd16d8d1b69fe8c5216ec38e', '127.0.0.1', 1485241426, 0x5f5f63695f6c6173745f726567656e65726174657c693a313438353234313231373b6c6173745f706167657c733a35363a22687474703a2f2f3132372e302e302e312f446973636f7665724d795065742f696e6465782e7068703f2f646f63746f722f70617469656e74223b646f63746f725f6c6f67696e7c733a313a2231223b6c6f67696e5f757365725f69647c733a313a2232223b6e616d657c733a373a2250726974657368223b6c6f67696e5f747970657c733a363a22646f63746f72223b),
('b018fbcefaa39b1237b393c78e40742889d9c7d5', '127.0.0.1', 1485245829, 0x5f5f63695f6c6173745f726567656e65726174657c693a313438353234353630393b6c6173745f706167657c733a35363a22687474703a2f2f3132372e302e302e312f446973636f7665724d795065742f696e6465782e7068703f2f646f63746f722f70617469656e74223b646f63746f725f6c6f67696e7c733a313a2231223b6c6f67696e5f757365725f69647c733a313a2232223b6e616d657c733a373a2250726974657368223b6c6f67696e5f747970657c733a363a22646f63746f72223b),
('b0581c67f85c74509db9b25f16dff86da08bd277', '127.0.0.1', 1485268994, 0x5f5f63695f6c6173745f726567656e65726174657c693a313438353236383831333b6c6173745f706167657c733a35363a22687474703a2f2f3132372e302e302e312f446973636f7665724d795065742f696e6465782e7068703f2f646f63746f722f70617469656e74223b646f63746f725f6c6f67696e7c733a313a2231223b6c6f67696e5f757365725f69647c733a313a2232223b6e616d657c733a373a2250726974657368223b6c6f67696e5f747970657c733a363a22646f63746f72223b),
('b481a90cc5e29f0d6482c1930b6f6784a11d0252', '127.0.0.1', 1485252929, 0x5f5f63695f6c6173745f726567656e65726174657c693a313438353235323731363b6c6173745f706167657c733a35363a22687474703a2f2f3132372e302e302e312f446973636f7665724d795065742f696e6465782e7068703f2f646f63746f722f70617469656e74223b646f63746f725f6c6f67696e7c733a313a2231223b6c6f67696e5f757365725f69647c733a313a2232223b6e616d657c733a373a2250726974657368223b6c6f67696e5f747970657c733a363a22646f63746f72223b),
('b65c0d9966f1e858dd0a1bd701f465c2561d679b', '127.0.0.1', 1485185018, 0x5f5f63695f6c6173745f726567656e65726174657c693a313438353138343734323b646f63746f725f6c6f67696e7c733a313a2231223b6c6f67696e5f757365725f69647c733a313a2232223b6e616d657c733a373a2250726974657368223b6c6f67696e5f747970657c733a363a22646f63746f72223b),
('b7503d00c85a2a65ce4e7fa1fbebe7fcf4e6682b', '127.0.0.1', 1485257969, 0x5f5f63695f6c6173745f726567656e65726174657c693a313438353235373639353b6c6173745f706167657c733a35363a22687474703a2f2f3132372e302e302e312f446973636f7665724d795065742f696e6465782e7068703f2f646f63746f722f70617469656e74223b646f63746f725f6c6f67696e7c733a313a2231223b6c6f67696e5f757365725f69647c733a313a2232223b6e616d657c733a373a2250726974657368223b6c6f67696e5f747970657c733a363a22646f63746f72223b6d6573736167657c733a33323a224865616c7468205265636f7264205570646174652053756365737366756c6c79223b5f5f63695f766172737c613a313a7b733a373a226d657373616765223b733a333a226f6c64223b7d),
('b7de38b34e671fa9bb13d5349e36efdad3696155', '127.0.0.1', 1485262430, 0x5f5f63695f6c6173745f726567656e65726174657c693a313438353236323433303b6c6173745f706167657c733a35363a22687474703a2f2f3132372e302e302e312f446973636f7665724d795065742f696e6465782e7068703f2f646f63746f722f70617469656e74223b646f63746f725f6c6f67696e7c733a313a2231223b6c6f67696e5f757365725f69647c733a313a2232223b6e616d657c733a373a2250726974657368223b6c6f67696e5f747970657c733a363a22646f63746f72223b),
('c13ff8953ca28f1d4b2447f126477ba29daf347f', '127.0.0.1', 1485176323, 0x5f5f63695f6c6173745f726567656e65726174657c693a313438353137363332333b646f63746f725f6c6f67696e7c733a313a2231223b6c6f67696e5f757365725f69647c733a313a2232223b6e616d657c733a373a2250726974657368223b6c6f67696e5f747970657c733a363a22646f63746f72223b),
('c16356462e93e67ed0ac89b12bce6cb04a4f8fab', '127.0.0.1', 1485269844, 0x5f5f63695f6c6173745f726567656e65726174657c693a313438353236393632333b6c6173745f706167657c733a35363a22687474703a2f2f3132372e302e302e312f446973636f7665724d795065742f696e6465782e7068703f2f646f63746f722f70617469656e74223b646f63746f725f6c6f67696e7c733a313a2231223b6c6f67696e5f757365725f69647c733a313a2232223b6e616d657c733a373a2250726974657368223b6c6f67696e5f747970657c733a363a22646f63746f72223b),
('c492b3dfc852727cdb41e4054b2b4df0f2d5d3fc', '127.0.0.1', 1485249108, 0x5f5f63695f6c6173745f726567656e65726174657c693a313438353234393130383b6c6173745f706167657c733a35363a22687474703a2f2f3132372e302e302e312f446973636f7665724d795065742f696e6465782e7068703f2f646f63746f722f70617469656e74223b646f63746f725f6c6f67696e7c733a313a2231223b6c6f67696e5f757365725f69647c733a313a2232223b6e616d657c733a373a2250726974657368223b6c6f67696e5f747970657c733a363a22646f63746f72223b),
('c4c2121cb55080a82136d689cbaaddfe7910322b', '127.0.0.1', 1485241791, 0x5f5f63695f6c6173745f726567656e65726174657c693a313438353234313532353b6c6173745f706167657c733a35363a22687474703a2f2f3132372e302e302e312f446973636f7665724d795065742f696e6465782e7068703f2f646f63746f722f70617469656e74223b646f63746f725f6c6f67696e7c733a313a2231223b6c6f67696e5f757365725f69647c733a313a2232223b6e616d657c733a373a2250726974657368223b6c6f67696e5f747970657c733a363a22646f63746f72223b),
('c4d0e75ff29996838b71cd9cd150033386b406b9', '127.0.0.1', 1485183971, 0x5f5f63695f6c6173745f726567656e65726174657c693a313438353138333731393b646f63746f725f6c6f67696e7c733a313a2231223b6c6f67696e5f757365725f69647c733a313a2232223b6e616d657c733a373a2250726974657368223b6c6f67696e5f747970657c733a363a22646f63746f72223b),
('c805b04e1d7c2f9265a69dc03a1136eb139040a9', '127.0.0.1', 1485245497, 0x5f5f63695f6c6173745f726567656e65726174657c693a313438353234353234353b6c6173745f706167657c733a35363a22687474703a2f2f3132372e302e302e312f446973636f7665724d795065742f696e6465782e7068703f2f646f63746f722f70617469656e74223b646f63746f725f6c6f67696e7c733a313a2231223b6c6f67696e5f757365725f69647c733a313a2232223b6e616d657c733a373a2250726974657368223b6c6f67696e5f747970657c733a363a22646f63746f72223b),
('c9f7e973aafc607c8bd70cfb04d018d20d1de6dd', '127.0.0.1', 1485176135, 0x5f5f63695f6c6173745f726567656e65726174657c693a313438353137353931383b646f63746f725f6c6f67696e7c733a313a2231223b6c6f67696e5f757365725f69647c733a313a2232223b6e616d657c733a373a2250726974657368223b6c6f67696e5f747970657c733a363a22646f63746f72223b6d6573736167657c733a33333a224865616c7468205265636f72642044656c657465642053756365737366756c6c79223b5f5f63695f766172737c613a313a7b733a373a226d657373616765223b733a333a226f6c64223b7d),
('ccaa237c33e4c613e605c58500b1848b1457760d', '127.0.0.1', 1485239511, 0x5f5f63695f6c6173745f726567656e65726174657c693a313438353233393231373b6c6173745f706167657c733a35363a22687474703a2f2f3132372e302e302e312f446973636f7665724d795065742f696e6465782e7068703f2f646f63746f722f70617469656e74223b646f63746f725f6c6f67696e7c733a313a2231223b6c6f67696e5f757365725f69647c733a313a2232223b6e616d657c733a373a2250726974657368223b6c6f67696e5f747970657c733a363a22646f63746f72223b),
('cccf589713a6ef432afa097ea871471dc1f2c957', '127.0.0.1', 1485175906, 0x5f5f63695f6c6173745f726567656e65726174657c693a313438353137353630373b646f63746f725f6c6f67696e7c733a313a2231223b6c6f67696e5f757365725f69647c733a313a2232223b6e616d657c733a373a2250726974657368223b6c6f67696e5f747970657c733a363a22646f63746f72223b),
('d52a4c03112e08f24a894c01c5d92345f05ebf47', '127.0.0.1', 1485259145, 0x5f5f63695f6c6173745f726567656e65726174657c693a313438353235393134353b6c6173745f706167657c733a35363a22687474703a2f2f3132372e302e302e312f446973636f7665724d795065742f696e6465782e7068703f2f646f63746f722f70617469656e74223b646f63746f725f6c6f67696e7c733a313a2231223b6c6f67696e5f757365725f69647c733a313a2232223b6e616d657c733a373a2250726974657368223b6c6f67696e5f747970657c733a363a22646f63746f72223b),
('d7e00b17e7ca04b63f74c4223df85e6620e48c46', '127.0.0.1', 1485184674, 0x5f5f63695f6c6173745f726567656e65726174657c693a313438353138343430363b646f63746f725f6c6f67696e7c733a313a2231223b6c6f67696e5f757365725f69647c733a313a2232223b6e616d657c733a373a2250726974657368223b6c6f67696e5f747970657c733a363a22646f63746f72223b),
('dab7f112ec329a94ccb816078b5a8f3c0a9e9431', '127.0.0.1', 1485179818, 0x5f5f63695f6c6173745f726567656e65726174657c693a313438353137393630303b646f63746f725f6c6f67696e7c733a313a2231223b6c6f67696e5f757365725f69647c733a313a2232223b6e616d657c733a373a2250726974657368223b6c6f67696e5f747970657c733a363a22646f63746f72223b),
('dace0e139e24f1aa9ab327450a915df5207a4171', '127.0.0.1', 1485271284, 0x5f5f63695f6c6173745f726567656e65726174657c693a313438353237303937343b6c6173745f706167657c733a35363a22687474703a2f2f3132372e302e302e312f446973636f7665724d795065742f696e6465782e7068703f2f646f63746f722f70617469656e74223b646f63746f725f6c6f67696e7c733a313a2231223b6c6f67696e5f757365725f69647c733a313a2232223b6e616d657c733a373a2250726974657368223b6c6f67696e5f747970657c733a363a22646f63746f72223b),
('dc55f5f7869a27a95e0120ee4c6bf134099e43cf', '127.0.0.1', 1485266413, 0x5f5f63695f6c6173745f726567656e65726174657c693a313438353236363233333b6c6173745f706167657c733a35363a22687474703a2f2f3132372e302e302e312f446973636f7665724d795065742f696e6465782e7068703f2f646f63746f722f70617469656e74223b646f63746f725f6c6f67696e7c733a313a2231223b6c6f67696e5f757365725f69647c733a313a2232223b6e616d657c733a373a2250726974657368223b6c6f67696e5f747970657c733a363a22646f63746f72223b),
('dcdc700cbab8422b02420fc3db0e4e535d8e17d6', '127.0.0.1', 1485267921, 0x5f5f63695f6c6173745f726567656e65726174657c693a313438353236373735373b6c6173745f706167657c733a35363a22687474703a2f2f3132372e302e302e312f446973636f7665724d795065742f696e6465782e7068703f2f646f63746f722f70617469656e74223b646f63746f725f6c6f67696e7c733a313a2231223b6c6f67696e5f757365725f69647c733a313a2232223b6e616d657c733a373a2250726974657368223b6c6f67696e5f747970657c733a363a22646f63746f72223b),
('df1094c15e8a15b4551cd6082cff61091481d287', '127.0.0.1', 1485271887, 0x5f5f63695f6c6173745f726567656e65726174657c693a313438353237313632333b6c6173745f706167657c733a35363a22687474703a2f2f3132372e302e302e312f446973636f7665724d795065742f696e6465782e7068703f2f646f63746f722f70617469656e74223b646f63746f725f6c6f67696e7c733a313a2231223b6c6f67696e5f757365725f69647c733a313a2232223b6e616d657c733a373a2250726974657368223b6c6f67696e5f747970657c733a363a22646f63746f72223b),
('df6156c915a45c24357138125aa4df47f5b0f700', '127.0.0.1', 1485264817, 0x5f5f63695f6c6173745f726567656e65726174657c693a313438353236343533383b6c6173745f706167657c733a35363a22687474703a2f2f3132372e302e302e312f446973636f7665724d795065742f696e6465782e7068703f2f646f63746f722f70617469656e74223b646f63746f725f6c6f67696e7c733a313a2231223b6c6f67696e5f757365725f69647c733a313a2232223b6e616d657c733a373a2250726974657368223b6c6f67696e5f747970657c733a363a22646f63746f72223b),
('e06c94006d7390c12085d0ed8181929ed1aef740', '127.0.0.1', 1485248728, 0x5f5f63695f6c6173745f726567656e65726174657c693a313438353234383732383b6c6173745f706167657c733a35363a22687474703a2f2f3132372e302e302e312f446973636f7665724d795065742f696e6465782e7068703f2f646f63746f722f70617469656e74223b646f63746f725f6c6f67696e7c733a313a2231223b6c6f67696e5f757365725f69647c733a313a2232223b6e616d657c733a373a2250726974657368223b6c6f67696e5f747970657c733a363a22646f63746f72223b),
('e0c444e82b19f499d6fe47497a91e08f468e8aaf', '127.0.0.1', 1485257626, 0x5f5f63695f6c6173745f726567656e65726174657c693a313438353235373339323b6c6173745f706167657c733a35363a22687474703a2f2f3132372e302e302e312f446973636f7665724d795065742f696e6465782e7068703f2f646f63746f722f70617469656e74223b646f63746f725f6c6f67696e7c733a313a2231223b6c6f67696e5f757365725f69647c733a313a2232223b6e616d657c733a373a2250726974657368223b6c6f67696e5f747970657c733a363a22646f63746f72223b),
('e3263e79ddab4e62c41be46511c999367c2bc82a', '127.0.0.1', 1485273009, 0x5f5f63695f6c6173745f726567656e65726174657c693a313438353237333030393b),
('e4d441e3f36f036dfdbf9b596aa13357ed49456b', '127.0.0.1', 1485267734, 0x5f5f63695f6c6173745f726567656e65726174657c693a313438353236373435363b6c6173745f706167657c733a35363a22687474703a2f2f3132372e302e302e312f446973636f7665724d795065742f696e6465782e7068703f2f646f63746f722f70617469656e74223b646f63746f725f6c6f67696e7c733a313a2231223b6c6f67696e5f757365725f69647c733a313a2232223b6e616d657c733a373a2250726974657368223b6c6f67696e5f747970657c733a363a22646f63746f72223b6d6573736167657c733a33323a224e6f74696669636174696f6e20437265617465642053756365737366756c6c79223b5f5f63695f766172737c613a313a7b733a373a226d657373616765223b733a333a226e6577223b7d),
('e601603e9a756244305c1cdfee92129c4f3e527a', '127.0.0.1', 1485266182, 0x5f5f63695f6c6173745f726567656e65726174657c693a313438353236353931393b6c6173745f706167657c733a35363a22687474703a2f2f3132372e302e302e312f446973636f7665724d795065742f696e6465782e7068703f2f646f63746f722f70617469656e74223b646f63746f725f6c6f67696e7c733a313a2231223b6c6f67696e5f757365725f69647c733a313a2232223b6e616d657c733a373a2250726974657368223b6c6f67696e5f747970657c733a363a22646f63746f72223b6d6573736167657c733a33323a224e6f74696669636174696f6e20437265617465642053756365737366756c6c79223b5f5f63695f766172737c613a313a7b733a373a226d657373616765223b733a333a226e6577223b7d),
('eaa1f5a117559b18c688c2ef882eb2a959e2de4d', '127.0.0.1', 1485181500, 0x5f5f63695f6c6173745f726567656e65726174657c693a313438353138313230303b646f63746f725f6c6f67696e7c733a313a2231223b6c6f67696e5f757365725f69647c733a313a2232223b6e616d657c733a373a2250726974657368223b6c6f67696e5f747970657c733a363a22646f63746f72223b),
('f0cabbe71edfbe10ceffb419636b9012d7cb0d56', '127.0.0.1', 1485238754, 0x5f5f63695f6c6173745f726567656e65726174657c693a313438353233383637303b6c6173745f706167657c733a35363a22687474703a2f2f3132372e302e302e312f446973636f7665724d795065742f696e6465782e7068703f2f646f63746f722f70617469656e74223b646f63746f725f6c6f67696e7c733a313a2231223b6c6f67696e5f757365725f69647c733a313a2232223b6e616d657c733a373a2250726974657368223b6c6f67696e5f747970657c733a363a22646f63746f72223b),
('f0f9b5e58cd24f3cd6e4e5dae0db431f5d4a110b', '127.0.0.1', 1485183566, 0x5f5f63695f6c6173745f726567656e65726174657c693a313438353138333336383b646f63746f725f6c6f67696e7c733a313a2231223b6c6f67696e5f757365725f69647c733a313a2232223b6e616d657c733a373a2250726974657368223b6c6f67696e5f747970657c733a363a22646f63746f72223b),
('f592e0b8448811e7de541d45cf49f125a6ec26ae', '127.0.0.1', 1485174852, 0x5f5f63695f6c6173745f726567656e65726174657c693a313438353137343835323b646f63746f725f6c6f67696e7c733a313a2231223b6c6f67696e5f757365725f69647c733a313a2232223b6e616d657c733a373a2250726974657368223b6c6f67696e5f747970657c733a363a22646f63746f72223b),
('f6609cd1e5856740c2eb717cf8293bac3fb90166', '127.0.0.1', 1485271596, 0x5f5f63695f6c6173745f726567656e65726174657c693a313438353237313239373b6c6173745f706167657c733a35363a22687474703a2f2f3132372e302e302e312f446973636f7665724d795065742f696e6465782e7068703f2f646f63746f722f70617469656e74223b646f63746f725f6c6f67696e7c733a313a2231223b6c6f67696e5f757365725f69647c733a313a2232223b6e616d657c733a373a2250726974657368223b6c6f67696e5f747970657c733a363a22646f63746f72223b),
('fb86ee47bb9e482850e16489aa78ccc6dfbbff34', '127.0.0.1', 1485254095, 0x5f5f63695f6c6173745f726567656e65726174657c693a313438353235333939333b6c6173745f706167657c733a35363a22687474703a2f2f3132372e302e302e312f446973636f7665724d795065742f696e6465782e7068703f2f646f63746f722f70617469656e74223b646f63746f725f6c6f67696e7c733a313a2231223b6c6f67696e5f757365725f69647c733a313a2232223b6e616d657c733a373a2250726974657368223b6c6f67696e5f747970657c733a363a22646f63746f72223b),
('fea8452e8f32b40250a5b07a817144763298b67a', '127.0.0.1', 1485259866, 0x5f5f63695f6c6173745f726567656e65726174657c693a313438353235393639303b6c6173745f706167657c733a35363a22687474703a2f2f3132372e302e302e312f446973636f7665724d795065742f696e6465782e7068703f2f646f63746f722f70617469656e74223b646f63746f725f6c6f67696e7c733a313a2231223b6c6f67696e5f757365725f69647c733a313a2232223b6e616d657c733a373a2250726974657368223b6c6f67696e5f747970657c733a363a22646f63746f72223b),
('ff41b2e4de8fb8466f7799da7b4359e5764a4b60', '127.0.0.1', 1485321376, 0x5f5f63695f6c6173745f726567656e65726174657c693a313438353332313337363b);

-- --------------------------------------------------------

--
-- Table structure for table `currency`
--

CREATE TABLE `currency` (
  `currency_id` int(11) NOT NULL,
  `currency_code` longtext COLLATE utf8_unicode_ci NOT NULL,
  `currency_symbol` longtext COLLATE utf8_unicode_ci NOT NULL,
  `currency_name` longtext COLLATE utf8_unicode_ci NOT NULL
) ENGINE=InnoDB DEFAULT CHARSET=utf8 COLLATE=utf8_unicode_ci;

-- --------------------------------------------------------

--
-- Table structure for table `department`
--

CREATE TABLE `department` (
  `department_id` int(11) NOT NULL,
  `name` longtext CHARACTER SET utf8 COLLATE utf8_unicode_ci NOT NULL,
  `description` longtext CHARACTER SET utf8 COLLATE utf8_unicode_ci NOT NULL
) ENGINE=MyISAM DEFAULT CHARSET=latin1;

--
-- Dumping data for table `department`
--

INSERT INTO `department` (`department_id`, `name`, `description`) VALUES
(1, 'General', 'General');

-- --------------------------------------------------------

--
-- Table structure for table `diagnosis_report`
--

CREATE TABLE `diagnosis_report` (
  `diagnosis_report_id` int(11) NOT NULL,
  `report_type` longtext COLLATE utf8_unicode_ci NOT NULL COMMENT 'xray,blood test',
  `document_type` longtext COLLATE utf8_unicode_ci NOT NULL COMMENT 'text,photo',
  `file_name` longtext COLLATE utf8_unicode_ci NOT NULL,
  `prescription_id` int(11) NOT NULL,
  `description` longtext COLLATE utf8_unicode_ci NOT NULL,
  `timestamp` int(11) NOT NULL,
  `laboratorist_id` int(11) NOT NULL
) ENGINE=MyISAM DEFAULT CHARSET=utf8 COLLATE=utf8_unicode_ci;

--
-- Dumping data for table `diagnosis_report`
--

INSERT INTO `diagnosis_report` (`diagnosis_report_id`, `report_type`, `document_type`, `file_name`, `prescription_id`, `description`, `timestamp`, `laboratorist_id`) VALUES
(1, 'blood_test', 'image', 'art8.jpg', 2, 'Description Here', 1483200300, 0);

-- --------------------------------------------------------

--
-- Table structure for table `doctor`
--

CREATE TABLE `doctor` (
  `doctor_id` int(11) NOT NULL,
  `name` longtext CHARACTER SET utf8 COLLATE utf8_unicode_ci NOT NULL,
  `email` longtext CHARACTER SET utf8 COLLATE utf8_unicode_ci NOT NULL,
  `password` longtext CHARACTER SET utf8 COLLATE utf8_unicode_ci NOT NULL,
  `address` longtext CHARACTER SET utf8 COLLATE utf8_unicode_ci NOT NULL,
  `phone` longtext CHARACTER SET utf8 COLLATE utf8_unicode_ci NOT NULL,
  `department_id` int(11) NOT NULL,
  `profile` longtext CHARACTER SET utf8 COLLATE utf8_unicode_ci NOT NULL,
  `registration_no` varchar(255) DEFAULT NULL,
  `clinic_name` varchar(255) DEFAULT NULL,
  `role` varchar(255) DEFAULT NULL
) ENGINE=MyISAM DEFAULT CHARSET=latin1;

--
-- Dumping data for table `doctor`
--

INSERT INTO `doctor` (`doctor_id`, `name`, `email`, `password`, `address`, `phone`, `department_id`, `profile`, `registration_no`, `clinic_name`, `role`) VALUES
(2, 'Pritesh', 'paul.pritesh@gmail.com', '7110eda4d09e062aa5e4a390b0a572ac0d2c0220', '222                                                           ', '8412013380', 1, '<span class="wysiwyg-color-red">2222</span>', '1232', 'Jagtap Hospitals', 'Sub Doctor'),
(7, 'Prashant', 'prashant@gmail.com', '4bc45e583fa91f07e5a3159698e21f76eacc6d6c', '', '8412013390', 1, '', NULL, NULL, 'Kennel');

-- --------------------------------------------------------

--
-- Table structure for table `email_template`
--

CREATE TABLE `email_template` (
  `email_template_id` int(11) NOT NULL,
  `task` longtext COLLATE utf8_unicode_ci NOT NULL,
  `subject` longtext COLLATE utf8_unicode_ci NOT NULL,
  `body` longtext COLLATE utf8_unicode_ci NOT NULL,
  `instruction` longtext COLLATE utf8_unicode_ci NOT NULL
) ENGINE=InnoDB DEFAULT CHARSET=utf8 COLLATE=utf8_unicode_ci;

-- --------------------------------------------------------

--
-- Table structure for table `event`
--

CREATE TABLE `event` (
  `event_id` int(11) NOT NULL,
  `event_name` varchar(225) DEFAULT NULL,
  `event_date` longtext,
  `event_time` time DEFAULT NULL,
  `doctor_id` varchar(255) DEFAULT NULL
) ENGINE=InnoDB DEFAULT CHARSET=latin1;

--
-- Dumping data for table `event`
--

INSERT INTO `event` (`event_id`, `event_name`, `event_date`, `event_time`, `doctor_id`) VALUES
(8, 'dsdsdf222', '1484277600', '01:15:00', '2');

-- --------------------------------------------------------

--
-- Table structure for table `form_element`
--

CREATE TABLE `form_element` (
  `form_element_id` int(11) NOT NULL,
  `type` longtext COLLATE utf8_unicode_ci NOT NULL,
  `html` longtext COLLATE utf8_unicode_ci NOT NULL
) ENGINE=InnoDB DEFAULT CHARSET=utf8 COLLATE=utf8_unicode_ci;

-- --------------------------------------------------------

--
-- Table structure for table `health_record`
--

CREATE TABLE `health_record` (
  `id` int(11) NOT NULL,
  `file_type` varchar(255) DEFAULT NULL,
  `patient_id` varchar(255) DEFAULT NULL,
  `health_record` varchar(255) DEFAULT NULL,
  `doctor_id` varchar(255) DEFAULT NULL,
  `user_id` varchar(255) DEFAULT NULL,
  `weight` varchar(255) DEFAULT NULL,
  `height` varchar(255) DEFAULT NULL,
  `vaccine_name` varchar(255) DEFAULT NULL,
  `vaccine_date` longtext,
  `vaccine_status` varchar(255) DEFAULT NULL,
  `vaccine_brand_name` varchar(255) DEFAULT NULL,
  `vaccine_batch_no` varchar(255) DEFAULT NULL,
  `deworming_date` varchar(255) DEFAULT NULL,
  `deworming_status` varchar(255) DEFAULT NULL,
  `deworming_brand_name` varchar(255) DEFAULT NULL,
  `deworming_batch_no` varchar(255) DEFAULT NULL,
  `parasite_control_status` varchar(255) DEFAULT NULL,
  `parasite_control_brand_name` varchar(255) DEFAULT NULL,
  `parasite_control_batch_no` varchar(255) DEFAULT NULL,
  `diet` varchar(255) DEFAULT NULL,
  `brief_medical_history` varchar(255) DEFAULT NULL,
  `creation_timestamp` date DEFAULT NULL
) ENGINE=InnoDB DEFAULT CHARSET=latin1;

--
-- Dumping data for table `health_record`
--

INSERT INTO `health_record` (`id`, `file_type`, `patient_id`, `health_record`, `doctor_id`, `user_id`, `weight`, `height`, `vaccine_name`, `vaccine_date`, `vaccine_status`, `vaccine_brand_name`, `vaccine_batch_no`, `deworming_date`, `deworming_status`, `deworming_brand_name`, `deworming_batch_no`, `parasite_control_status`, `parasite_control_brand_name`, `parasite_control_batch_no`, `diet`, `brief_medical_history`, `creation_timestamp`) VALUES
(45, 'image/jpeg', '22', '1485258014.jpg', '2', NULL, NULL, NULL, NULL, NULL, NULL, NULL, NULL, NULL, NULL, NULL, NULL, NULL, NULL, NULL, NULL, NULL, '2017-01-24'),
(47, 'image/jpeg', '22', '1485263623.jpg', '2', NULL, NULL, NULL, NULL, NULL, NULL, NULL, NULL, NULL, NULL, NULL, NULL, NULL, NULL, NULL, NULL, NULL, '2017-01-24'),
(48, 'image/jpeg', '18', '1485263842.jpg', '2', NULL, '22', '22', 'DHPPi+L', '01/24/2017', '22', '22', '22', '01/24/2017', '22', '22', '22', '2', NULL, '22', '22', '22', '2017-01-24'),
(50, 'image/jpeg', '18', 'file_Koala.jpg', '2', NULL, NULL, NULL, NULL, NULL, NULL, NULL, NULL, NULL, NULL, NULL, NULL, NULL, NULL, NULL, NULL, NULL, NULL),
(51, 'image/jpeg', '19', 'file_Jellyfish.jpg', '2', NULL, NULL, NULL, NULL, NULL, NULL, NULL, NULL, NULL, NULL, NULL, NULL, NULL, NULL, NULL, NULL, NULL, NULL),
(54, 'image/jpeg', '22', 'file_Hydrangeas.jpg', '2', NULL, NULL, NULL, NULL, NULL, NULL, NULL, NULL, NULL, NULL, NULL, NULL, NULL, NULL, NULL, NULL, NULL, NULL),
(55, 'application/pdf', '22', 'file_mongodb_tutorial.pdf', '2', NULL, NULL, NULL, NULL, NULL, NULL, NULL, NULL, NULL, NULL, NULL, NULL, NULL, NULL, NULL, NULL, NULL, NULL),
(56, 'image/jpeg', '40', '1484902409.jpg', '3', '23', NULL, NULL, NULL, NULL, NULL, NULL, NULL, NULL, NULL, NULL, NULL, NULL, NULL, NULL, NULL, NULL, NULL),
(57, 'image/jpeg', '40', '1484902415.jpg', '3', '23', NULL, NULL, NULL, NULL, NULL, NULL, NULL, NULL, NULL, NULL, NULL, NULL, NULL, NULL, NULL, NULL, NULL),
(59, 'application/pdf', '19', 'file_Add Pet Details.pdf', '2', NULL, '2', '22', NULL, NULL, NULL, NULL, NULL, NULL, NULL, NULL, NULL, NULL, NULL, NULL, NULL, NULL, NULL),
(60, 'application/pdf', '18', 'file_Add Pet Details.pdf', '2', NULL, '', '', NULL, NULL, NULL, NULL, NULL, NULL, NULL, NULL, NULL, NULL, NULL, NULL, NULL, NULL, NULL),
(61, 'application/pdf', '19', 'file_Add Pet Details.pdf', '2', NULL, '2', '22', 'DHPPi+L', '01/24/2017', '22', '22', '222', NULL, NULL, NULL, NULL, NULL, NULL, NULL, NULL, NULL, NULL),
(62, 'application/pdf', '19', 'file_Add Pet Details.pdf', '2', NULL, '324', '343', 'DHPPi+L', '01/24/2017', '33', '33', '333', '', '344', '3434', '', NULL, NULL, NULL, NULL, NULL, NULL),
(63, 'application/pdf', '19', 'file_Add Pet Details.pdf', '2', NULL, '22', '34343', 'DHPPi+L', '01/24/2017', '34343', '3434', '3434', '01/24/2017', '33', '33', '33', '33', NULL, '4336', '33', '333', NULL),
(64, 'application/pdf', '19', 'file_file_mongodb_tutorial.pdf', '2', NULL, '21243', '345454', NULL, '', '', '', '', '', '', '', '', '', NULL, '', '', '', '0000-00-00'),
(65, 'image/jpeg', '18', '1485257948.jpg', NULL, NULL, NULL, NULL, NULL, NULL, NULL, NULL, NULL, NULL, NULL, NULL, NULL, NULL, NULL, NULL, NULL, NULL, '2017-01-24'),
(66, 'image/jpeg', '19', 'file_Chrysanthemum.jpg', '2', NULL, '22', '22', 'DHPPi+L', '', '', '', '', '', '', '', '', '', NULL, '', '', '', '2017-01-24');

-- --------------------------------------------------------

--
-- Table structure for table `invoice`
--

CREATE TABLE `invoice` (
  `invoice_id` int(11) NOT NULL,
  `invoice_number` longtext COLLATE utf8_unicode_ci NOT NULL,
  `patient_id` int(11) NOT NULL,
  `title` longtext COLLATE utf8_unicode_ci NOT NULL,
  `invoice_entries` longtext COLLATE utf8_unicode_ci NOT NULL,
  `creation_timestamp` longtext COLLATE utf8_unicode_ci NOT NULL,
  `due_timestamp` longtext COLLATE utf8_unicode_ci NOT NULL,
  `status` longtext COLLATE utf8_unicode_ci NOT NULL COMMENT 'paid or unpaid',
  `doctor_id` varchar(255) COLLATE utf8_unicode_ci DEFAULT NULL,
  `user_id` varchar(255) COLLATE utf8_unicode_ci DEFAULT NULL,
  `fees` varchar(255) COLLATE utf8_unicode_ci DEFAULT NULL
) ENGINE=MyISAM DEFAULT CHARSET=utf8 COLLATE=utf8_unicode_ci;

--
-- Dumping data for table `invoice`
--

INSERT INTO `invoice` (`invoice_id`, `invoice_number`, `patient_id`, `title`, `invoice_entries`, `creation_timestamp`, `due_timestamp`, `status`, `doctor_id`, `user_id`, `fees`) VALUES
(85, '25585', 19, 'Invoice Pet Tony', '[]', '01/18/2017', '', 'paid', '2', NULL, '400'),
(86, '99597', 40, 'ww2', '[]', '01/20/2017', '01/12/2017', 'paid', '3', '23', '22'),
(87, '98424', 41, '22', '', '01/20/2017', '', 'paid', '2', '25', '22');

-- --------------------------------------------------------

--
-- Table structure for table `invoice_medicine`
--

CREATE TABLE `invoice_medicine` (
  `id` int(11) NOT NULL,
  `invoice_id` varchar(255) DEFAULT NULL,
  `quantity` varchar(255) DEFAULT NULL,
  `price` varchar(255) DEFAULT NULL,
  `medicine_id` varchar(255) DEFAULT NULL,
  `doctor_id` varchar(255) DEFAULT NULL,
  `user_id` varchar(255) DEFAULT NULL
) ENGINE=InnoDB DEFAULT CHARSET=latin1;

--
-- Dumping data for table `invoice_medicine`
--

INSERT INTO `invoice_medicine` (`id`, `invoice_id`, `quantity`, `price`, `medicine_id`, `doctor_id`, `user_id`) VALUES
(3, '51', '6', '50', '10', NULL, NULL),
(4, '51', '5', '5', '11', NULL, NULL),
(5, '52', '2', '2', '11', NULL, NULL),
(6, '52', '2', '2', '10', NULL, NULL),
(7, '53', '2', '22', '10', NULL, NULL),
(8, '54', '33', '33', '11', NULL, NULL),
(9, '55', '5', '5', '11', NULL, NULL),
(10, '56', '11', '11', '11', NULL, NULL),
(11, '57', '10', '2', '11', NULL, NULL),
(12, '58', '1', '1', '11', NULL, NULL),
(13, '59', '2', '2', '10', NULL, NULL),
(14, '60', '11', '11', '10', NULL, NULL),
(15, '61', '22', '22', '19', NULL, NULL),
(16, '62', '2', '22', '19', NULL, NULL),
(17, '63', '2', '2', '19', NULL, NULL),
(18, '68', '1', '1', '26', NULL, NULL),
(19, '68', '1', '1', '26', '2', NULL),
(20, '68', '1', '1', '26', '2', NULL),
(21, '73', '2', '22', '30', '2', NULL),
(22, '74', '2', '2', '31', '2', '20'),
(23, '75', '1', '1', '34', '2', '20'),
(24, '76', '2', '22', '37', '2', '20'),
(25, '77', '1', '1', '31', '2', '20'),
(26, '78', '11', '11', '34', '2', NULL),
(27, '79', '2', '22', '38', '2', '27'),
(28, '80', '3', '33', '29', '2', NULL),
(29, '81', '2', '2', '28', '2', NULL),
(30, '82', '1', '22', '34', '2', NULL),
(31, '83', '1', '111', '35', '2', NULL),
(32, '84', '1', '111', '35', '2', NULL),
(33, '85', '5', '20', '46', '2', NULL),
(34, '86', '2', '22', '47', '3', '23'),
(35, '87', '1', '111', '48', '2', '25'),
(36, '88', '1', '11', '46', '2', NULL);

-- --------------------------------------------------------

--
-- Table structure for table `laboratorist`
--

CREATE TABLE `laboratorist` (
  `laboratorist_id` int(11) NOT NULL,
  `name` longtext CHARACTER SET utf8 COLLATE utf8_unicode_ci NOT NULL,
  `email` longtext CHARACTER SET utf8 COLLATE utf8_unicode_ci NOT NULL,
  `password` longtext CHARACTER SET utf8 COLLATE utf8_unicode_ci NOT NULL,
  `address` longtext CHARACTER SET utf8 COLLATE utf8_unicode_ci NOT NULL,
  `phone` longtext CHARACTER SET utf8 COLLATE utf8_unicode_ci NOT NULL
) ENGINE=MyISAM DEFAULT CHARSET=latin1;

--
-- Dumping data for table `laboratorist`
--

INSERT INTO `laboratorist` (`laboratorist_id`, `name`, `email`, `password`, `address`, `phone`) VALUES
(1, 'Labor', 'l@gmail.com', '7110eda4d09e062aa5e4a390b0a572ac0d2c0220', '', '');

-- --------------------------------------------------------

--
-- Table structure for table `language`
--

CREATE TABLE `language` (
  `phrase_id` int(11) NOT NULL,
  `phrase` longtext COLLATE utf8_unicode_ci NOT NULL,
  `english` longtext COLLATE utf8_unicode_ci NOT NULL
) ENGINE=MyISAM DEFAULT CHARSET=utf8 COLLATE=utf8_unicode_ci;

-- --------------------------------------------------------

--
-- Table structure for table `medicine`
--

CREATE TABLE `medicine` (
  `medicine_id` int(11) NOT NULL,
  `name` longtext COLLATE utf8_unicode_ci NOT NULL,
  `medicine_category_id` int(11) NOT NULL,
  `description` longtext COLLATE utf8_unicode_ci NOT NULL,
  `price` longtext COLLATE utf8_unicode_ci NOT NULL,
  `manufacturing_company` longtext COLLATE utf8_unicode_ci NOT NULL,
  `quantity` varchar(255) COLLATE utf8_unicode_ci DEFAULT NULL,
  `supplier_id` int(11) DEFAULT NULL,
  `medicine_sub_category_id` varchar(255) COLLATE utf8_unicode_ci DEFAULT NULL,
  `doctor_id` varchar(255) COLLATE utf8_unicode_ci DEFAULT NULL,
  `user_id` varchar(255) COLLATE utf8_unicode_ci DEFAULT NULL
) ENGINE=MyISAM DEFAULT CHARSET=utf8 COLLATE=utf8_unicode_ci;

--
-- Dumping data for table `medicine`
--

INSERT INTO `medicine` (`medicine_id`, `name`, `medicine_category_id`, `description`, `price`, `manufacturing_company`, `quantity`, `supplier_id`, `medicine_sub_category_id`, `doctor_id`, `user_id`) VALUES
(46, 'Carriers & Travel Products', 40, 'Carriers & Travel Products', '199', 'Toothpest', '33', 11, '64', '2', NULL),
(47, '22', 43, '22', '2', '22', '8', 11, '97', '3', '23'),
(48, 'asdsd', 44, 'asa', '10', '111', '0', 11, '99', '2', '25'),
(49, 'aas', 44, 'w', '21', 'wwr', '22', 11, '99', '2', '25');

-- --------------------------------------------------------

--
-- Table structure for table `medicine_category`
--

CREATE TABLE `medicine_category` (
  `medicine_category_id` int(11) NOT NULL,
  `name` longtext COLLATE utf8_unicode_ci NOT NULL,
  `doctor_id` varchar(255) COLLATE utf8_unicode_ci DEFAULT NULL,
  `user_id` varchar(255) COLLATE utf8_unicode_ci DEFAULT NULL
) ENGINE=MyISAM DEFAULT CHARSET=utf8 COLLATE=utf8_unicode_ci;

--
-- Dumping data for table `medicine_category`
--

INSERT INTO `medicine_category` (`medicine_category_id`, `name`, `doctor_id`, `user_id`) VALUES
(34, 'Carriers & Travel Products', '2', NULL),
(33, 'Beds & Furniture', '2', NULL),
(32, 'Toys', '2', NULL),
(31, 'Collars, Harnesses & Leashes', '2', NULL),
(30, ' Grooming ', '2', NULL),
(29, 'Clothing & Accessories', '2', NULL),
(28, 'Pet Food ', '2', NULL),
(27, 'Health Supplies', '2', NULL),
(41, 'Litter & Housebreaking ', '2', NULL),
(37, 'Doors, Gates & Ramps', '2', NULL),
(38, 'Feeding & Watering Supplies ', '2', NULL),
(39, 'Houses, Kennels & Pens', '2', NULL),
(40, 'Training & Behavior Aids ', '2', NULL),
(42, 'MM', '3', '23'),
(43, '22', '3', '23'),
(44, 'ssf', '2', '25');

-- --------------------------------------------------------

--
-- Table structure for table `medicine_sub_category`
--

CREATE TABLE `medicine_sub_category` (
  `id` int(11) NOT NULL,
  `medicine_category_id` int(11) DEFAULT NULL,
  `name` varchar(255) DEFAULT NULL,
  `doctor_id` varchar(255) DEFAULT NULL,
  `user_id` varchar(255) DEFAULT NULL
) ENGINE=InnoDB DEFAULT CHARSET=latin1;

--
-- Dumping data for table `medicine_sub_category`
--

INSERT INTO `medicine_sub_category` (`id`, `medicine_category_id`, `name`, `doctor_id`, `user_id`) VALUES
(28, 27, 'Dental Care ', '2', NULL),
(29, 27, 'Flea, Lice & Tick Control ', '2', NULL),
(30, 27, 'Supplements & Vitamins ', '2', NULL),
(31, 27, 'Dewormers', '2', NULL),
(32, 27, 'Heart Health', '2', NULL),
(33, 27, 'Digestive', '2', NULL),
(34, 27, 'Skin Care', '2', NULL),
(35, 27, 'Ear Care', '2', NULL),
(36, 27, 'Eye Care', '2', NULL),
(37, 27, 'Pain', '2', NULL),
(38, 27, 'Bone Care', '2', NULL),
(39, 27, 'Sanitory', '2', NULL),
(40, 27, 'Fur Care', '2', NULL),
(41, 27, 'NSAIDs', '2', NULL),
(42, 28, 'Dry Food', '2', NULL),
(43, 28, 'Wet Food', '2', NULL),
(44, 28, 'Treats', '2', NULL),
(45, 28, 'Bones ', '2', NULL),
(46, 28, 'Cookies ', '2', NULL),
(47, 28, 'Jerky ', '2', NULL),
(48, 28, 'Rawhide ', '2', NULL),
(49, 28, 'Cake', '2', NULL),
(50, 28, 'Pastries', '2', NULL),
(51, 28, 'Biscuits & Snacks', '2', NULL),
(52, 28, 'Muffins', '2', NULL),
(53, 29, 'Bandanas ', '2', NULL),
(54, 29, 'Boots & Paw Protectors ', '2', NULL),
(55, 29, 'Cold Weather Coats', '2', NULL),
(56, 29, 'Costumes ', '2', NULL),
(57, 29, 'Dresses ', '2', NULL),
(58, 29, 'Hats ', '2', NULL),
(59, 29, 'Hoodies', '2', NULL),
(60, 29, 'Lifejackets ', '2', NULL),
(61, 29, 'Raincoats ', '2', NULL),
(62, 29, 'Shirts ', '2', NULL),
(63, 29, 'Sweaters', '2', NULL),
(64, 30, 'Brushes ', '2', NULL),
(65, 30, 'Combs ', '2', NULL),
(66, 30, 'Deodorizers', '2', NULL),
(67, 30, 'Grooming Wipes ', '2', NULL),
(68, 30, 'Hair Removal Mitts & Rollers', '2', NULL),
(69, 30, 'Scissors ', '2', NULL),
(70, 30, 'Shampoos & Conditioners', '2', NULL),
(71, 30, 'Shower & Bath Accessories ', '2', NULL),
(72, 31, 'Collar Charms', '2', NULL),
(73, 31, 'Collars ', '2', NULL),
(74, 31, 'Harnesses', '2', NULL),
(75, 31, 'Leashes', '2', NULL),
(76, 31, 'Muzzles', '2', NULL),
(77, 32, 'Balls', '2', NULL),
(78, 32, 'Chew Toys ', '2', NULL),
(79, 32, 'Interactive Toys', '2', NULL),
(80, 32, 'Plush Toys ', '2', NULL),
(81, 32, 'Ropes', '2', NULL),
(82, 32, 'Squeak Toys ', '2', NULL),
(83, 33, 'Bed Blankets ', '2', NULL),
(84, 33, 'Beds', '2', NULL),
(85, 33, 'Sofas & Chairs', '2', NULL),
(86, 34, 'Backpacks ', '2', NULL),
(87, 34, 'Car Travel Accessories ', '2', NULL),
(88, 34, 'Carriers', '2', NULL),
(89, 35, 'Diapers ', '2', NULL),
(90, 35, 'Training Pads ', '2', NULL),
(91, 37, 'Doors, Gates & Ramps', '2', NULL),
(92, 41, 'Diapers ', '2', NULL),
(93, 41, 'Training Pads', '2', NULL),
(94, 42, '222', '3', '23'),
(95, 43, '11111', '3', '23'),
(96, 42, '213232', '3', '23'),
(97, 43, 'Pj123', '3', '23'),
(98, 42, '223232', '3', '23'),
(99, 44, '222', '2', '25');

-- --------------------------------------------------------

--
-- Table structure for table `message`
--

CREATE TABLE `message` (
  `message_id` int(11) NOT NULL,
  `message_thread_code` longtext NOT NULL,
  `message` longtext NOT NULL,
  `sender` longtext NOT NULL,
  `timestamp` longtext NOT NULL,
  `read_status` int(11) NOT NULL DEFAULT '0' COMMENT '0 unread 1 read'
) ENGINE=MyISAM DEFAULT CHARSET=latin1;

--
-- Dumping data for table `message`
--

INSERT INTO `message` (`message_id`, `message_thread_code`, `message`, `sender`, `timestamp`, `read_status`) VALUES
(1, 'a5df626ac36a1b2', 'wewwwwwwwwww', 'doctor-2', '1484291187', 0),
(2, 'abf6a2b11ac713a', 'ss', 'doctor-2', '1484291211', 0),
(3, 'a5df626ac36a1b2', '<b><i>sd</i><u><i></i></u></b>', 'doctor-2', '1484291249', 0),
(4, '5f8f22a69a336f5', 'ww', 'doctor-2', '1484291384', 0),
(5, '5f8f22a69a336f5', 'www', 'doctor-2', '1484291445', 0),
(6, '5f8f22a69a336f5', 'ww', 'doctor-2', '1484291448', 0),
(7, '0dbde686508fe70', 'www', 'doctor-2', '1484637060', 0),
(9, 'e69434c177bf7df', 'federt<a href="http://wwwww" target="_blank" rel="nofollow">http://wwwww/</a>', 'doctor-2', '1484638954', 0),
(10, '93d52a828f076ab', 'defe', 'doctor-2', '1484639091', 0),
(11, '93d52a828f076ab', 'wewe', 'doctor-2', '1484639189', 0),
(12, '93d52a828f076ab', 'pj', 'doctor-2', '1484639215', 0),
(13, '00622be3f84d3f1', 'wewe', 'doctor-2', '1484639299', 0),
(14, 'a5df626ac36a1b2', 'wewe', 'doctor-2', '1484639435', 0),
(15, '0db3b2481e6e688', 'edrtert', 'doctor-2', '1484639527', 0),
(16, '0dbde686508fe70', 'sss', 'doctor-2', '1484646224', 0),
(17, '0dbde686508fe70', 'ss', 'doctor-2', '1484646229', 0),
(18, '1d94a91f45ad4a9', 'rt', 'doctor-2', '1484658244', 0),
(19, '1d94a91f45ad4a9', '<span class="wysiwyg-color-maroon">www</span>', 'doctor-2', '1484658256', 0),
(20, '1d94a91f45ad4a9', 'w', 'doctor-2', '1484754066', 0),
(21, '1d94a91f45ad4a9', 'srertet', 'doctor-2', '1484754075', 0),
(22, '1d94a91f45ad4a9', 'hi', 'doctor-2', '1484754080', 0);

-- --------------------------------------------------------

--
-- Table structure for table `message_thread`
--

CREATE TABLE `message_thread` (
  `message_thread_id` int(11) NOT NULL,
  `message_thread_code` longtext COLLATE utf8_unicode_ci NOT NULL,
  `sender` longtext COLLATE utf8_unicode_ci NOT NULL,
  `reciever` longtext COLLATE utf8_unicode_ci NOT NULL,
  `last_message_timestamp` longtext COLLATE utf8_unicode_ci NOT NULL
) ENGINE=InnoDB DEFAULT CHARSET=utf8 COLLATE=utf8_unicode_ci;

--
-- Dumping data for table `message_thread`
--

INSERT INTO `message_thread` (`message_thread_id`, `message_thread_code`, `sender`, `reciever`, `last_message_timestamp`) VALUES
(1, 'a5df626ac36a1b2', 'doctor-2', 'patient-18', ''),
(2, 'abf6a2b11ac713a', 'doctor-2', 'patient-33', ''),
(3, '5f8f22a69a336f5', 'doctor-2', 'patient-19', ''),
(4, '0dbde686508fe70', 'doctor-2', 'patient-27', ''),
(10, '1d94a91f45ad4a9', 'doctor-2', 'patient-23', '');

-- --------------------------------------------------------

--
-- Table structure for table `note`
--

CREATE TABLE `note` (
  `note_id` int(11) NOT NULL,
  `note` longtext COLLATE utf8_unicode_ci NOT NULL,
  `user_type` longtext COLLATE utf8_unicode_ci NOT NULL,
  `user_id` int(11) NOT NULL,
  `color` longtext COLLATE utf8_unicode_ci NOT NULL,
  `timestamp_create` longtext COLLATE utf8_unicode_ci NOT NULL,
  `timestamp_last_update` longtext COLLATE utf8_unicode_ci NOT NULL
) ENGINE=MyISAM DEFAULT CHARSET=utf8 COLLATE=utf8_unicode_ci;

-- --------------------------------------------------------

--
-- Table structure for table `notice`
--

CREATE TABLE `notice` (
  `notice_id` int(11) NOT NULL,
  `title` longtext COLLATE utf8_unicode_ci NOT NULL,
  `description` longtext COLLATE utf8_unicode_ci NOT NULL,
  `start_timestamp` longtext COLLATE utf8_unicode_ci NOT NULL,
  `end_timestamp` longtext COLLATE utf8_unicode_ci NOT NULL
) ENGINE=MyISAM DEFAULT CHARSET=utf8 COLLATE=utf8_unicode_ci;

--
-- Dumping data for table `notice`
--

INSERT INTO `notice` (`notice_id`, `title`, `description`, `start_timestamp`, `end_timestamp`) VALUES
(1, 'swe', 'wre', '1484265600', '1484352000');

-- --------------------------------------------------------

--
-- Table structure for table `noticeboard`
--

CREATE TABLE `noticeboard` (
  `notice_id` int(11) NOT NULL,
  `notice_title` longtext COLLATE utf8_unicode_ci NOT NULL,
  `notice` longtext COLLATE utf8_unicode_ci NOT NULL,
  `create_timestamp` int(11) NOT NULL
) ENGINE=MyISAM DEFAULT CHARSET=utf8 COLLATE=utf8_unicode_ci;

-- --------------------------------------------------------

--
-- Table structure for table `notification`
--

CREATE TABLE `notification` (
  `notification_id` int(11) NOT NULL,
  `name` varchar(255) DEFAULT NULL,
  `description` varchar(255) DEFAULT NULL,
  `image_path` varchar(255) DEFAULT NULL,
  `doctor_id` int(11) DEFAULT NULL,
  `file_type` varchar(255) DEFAULT NULL
) ENGINE=InnoDB DEFAULT CHARSET=latin1;

--
-- Dumping data for table `notification`
--

INSERT INTO `notification` (`notification_id`, `name`, `description`, `image_path`, `doctor_id`, `file_type`) VALUES
(8, 'qwweqe', 'wewe', '1485267775.jpg', 2, 'image/jpeg'),
(10, 'Pravin', 'Jagtap', '1485270083.jpg', 2, 'image/jpeg'),
(12, 'wew', 'wewe', '1485271436.jpg', 2, 'image/jpeg');

-- --------------------------------------------------------

--
-- Table structure for table `nurse`
--

CREATE TABLE `nurse` (
  `nurse_id` int(11) NOT NULL,
  `name` longtext CHARACTER SET utf8 COLLATE utf8_unicode_ci NOT NULL,
  `email` longtext CHARACTER SET utf8 COLLATE utf8_unicode_ci NOT NULL,
  `password` longtext CHARACTER SET utf8 COLLATE utf8_unicode_ci NOT NULL,
  `address` longtext CHARACTER SET utf8 COLLATE utf8_unicode_ci NOT NULL,
  `phone` longtext CHARACTER SET utf8 COLLATE utf8_unicode_ci NOT NULL
) ENGINE=MyISAM DEFAULT CHARSET=latin1;

-- --------------------------------------------------------

--
-- Table structure for table `patient`
--

CREATE TABLE `patient` (
  `patient_id` int(11) NOT NULL,
  `name` longtext COLLATE utf8_unicode_ci NOT NULL,
  `email` longtext COLLATE utf8_unicode_ci NOT NULL,
  `password` longtext COLLATE utf8_unicode_ci NOT NULL,
  `address` longtext COLLATE utf8_unicode_ci NOT NULL,
  `phone` longtext COLLATE utf8_unicode_ci NOT NULL,
  `sex` longtext COLLATE utf8_unicode_ci NOT NULL,
  `birth_date` longtext COLLATE utf8_unicode_ci NOT NULL,
  `age` int(11) NOT NULL,
  `blood_group` longtext COLLATE utf8_unicode_ci NOT NULL,
  `account_opening_timestamp` int(11) NOT NULL,
  `doctor_id` varchar(255) COLLATE utf8_unicode_ci DEFAULT NULL,
  `user_id` varchar(255) COLLATE utf8_unicode_ci DEFAULT NULL,
  `species` varchar(255) COLLATE utf8_unicode_ci DEFAULT NULL,
  `grooming_package` varchar(255) COLLATE utf8_unicode_ci DEFAULT NULL,
  `sterilization_status` varchar(255) COLLATE utf8_unicode_ci DEFAULT NULL,
  `color` varchar(255) COLLATE utf8_unicode_ci DEFAULT NULL,
  `breed` varchar(255) COLLATE utf8_unicode_ci DEFAULT NULL,
  `parent_name` varchar(255) COLLATE utf8_unicode_ci DEFAULT NULL,
  `parent_contact_no` varchar(255) COLLATE utf8_unicode_ci DEFAULT NULL,
  `parent_address` varchar(255) COLLATE utf8_unicode_ci DEFAULT NULL,
  `parent_email` varchar(255) COLLATE utf8_unicode_ci DEFAULT NULL,
  `brief_medical_history` varchar(255) COLLATE utf8_unicode_ci DEFAULT NULL,
  `remarks` varchar(255) COLLATE utf8_unicode_ci DEFAULT NULL,
  `master_id` varchar(255) COLLATE utf8_unicode_ci DEFAULT NULL,
  `mating_preference` varchar(255) COLLATE utf8_unicode_ci DEFAULT NULL,
  `drug_sensitivity` varchar(255) COLLATE utf8_unicode_ci DEFAULT NULL,
  `microchip_no` varchar(255) COLLATE utf8_unicode_ci DEFAULT NULL,
  `boarding_everytime_details` varchar(255) COLLATE utf8_unicode_ci DEFAULT NULL
) ENGINE=MyISAM DEFAULT CHARSET=utf8 COLLATE=utf8_unicode_ci;

--
-- Dumping data for table `patient`
--

INSERT INTO `patient` (`patient_id`, `name`, `email`, `password`, `address`, `phone`, `sex`, `birth_date`, `age`, `blood_group`, `account_opening_timestamp`, `doctor_id`, `user_id`, `species`, `grooming_package`, `sterilization_status`, `color`, `breed`, `parent_name`, `parent_contact_no`, `parent_address`, `parent_email`, `brief_medical_history`, `remarks`, `master_id`, `mating_preference`, `drug_sensitivity`, `microchip_no`, `boarding_everytime_details`) VALUES
(19, 'sadsf', 'ddd@244.com', 'da39a3ee5e6b4b0d3255bfef95601890afd80709', '', '', 'Male', '0', 0, 'B-', 0, '2', NULL, NULL, NULL, '22', 'White', '22', '2323', '222', NULL, NULL, '                            \r\n                            ', '                            \r\n                            ', '22', '22', '2', '222', NULL),
(18, 'adds', 'dsd@32432', '7d4eebab7ce33f2c5d6d8c6240cc8fe65ea14cd7', 'aads', 'sdsf', 'male', '1483747200', 2323, 'A+', 0, '2', '20', NULL, NULL, NULL, NULL, NULL, NULL, NULL, NULL, NULL, NULL, NULL, NULL, NULL, NULL, NULL, NULL),
(21, 'w', 'pp@pp.pp', '7110eda4d09e062aa5e4a390b0a572ac0d2c0220', '                                    sfdsfd                                ', '4343', 'male', '0', 0, 'A-', 0, '2', NULL, NULL, NULL, NULL, NULL, NULL, NULL, NULL, NULL, NULL, NULL, NULL, NULL, NULL, NULL, NULL, NULL),
(22, 'ppppp', 'wrere@e234', 'c55c508614dd2a3e2ca2a00250dc33fb924a7244', '                                    3434                                ', '3434', '', '0', 22, '', 0, '2', NULL, NULL, NULL, NULL, NULL, NULL, NULL, NULL, NULL, NULL, NULL, NULL, NULL, NULL, NULL, NULL, NULL),
(23, 'sss', 'sss@sss.ss', 'b6692ea5df920cad691c20319a6fffd7a4a766b8', '33', '33', 'male', '1483920000', 3, '', 0, '2', '20', NULL, NULL, NULL, NULL, NULL, NULL, NULL, NULL, NULL, NULL, NULL, NULL, NULL, NULL, NULL, NULL),
(24, 'ww', 'ww@e343', '8949eb0b6a2ef0595f9ef639e167d6209c3ccc60', '3434', '3434', 'male', '1483920000', 33, 'A+', 0, '2', '27', NULL, NULL, NULL, NULL, NULL, NULL, NULL, NULL, NULL, NULL, NULL, NULL, NULL, NULL, NULL, NULL),
(25, 'as', 'dsd@3243', 'c55c508614dd2a3e2ca2a00250dc33fb924a7244', '43434', '3434', 'male', '1483920000', 22, 'A+', 0, '2', '36', NULL, NULL, NULL, NULL, NULL, NULL, NULL, NULL, NULL, NULL, NULL, NULL, NULL, NULL, NULL, NULL),
(26, 'as', 'fsdfdfd@323233', 'd5e7cd8260640250accc1074bed4a64570124a03', '                                    dgdg                                ', '2323', 'male', '1483920000', 16, '', 0, '2', '37', NULL, NULL, NULL, NULL, NULL, NULL, NULL, NULL, NULL, NULL, NULL, NULL, NULL, NULL, NULL, NULL),
(27, 'sfd', 'sfsf@wqwe', 'c54804980cfa669a805555b645b14ba137b6ee79', '2121', '1212', 'male', '1483920000', 12, 'A+', 0, '2', '40', NULL, NULL, NULL, NULL, NULL, NULL, NULL, NULL, NULL, NULL, NULL, NULL, NULL, NULL, NULL, NULL),
(30, 'satish', 'satish@satish.com', '7110eda4d09e062aa5e4a390b0a572ac0d2c0220', 'satish', '7756058041', 'male', '1484006400', 22, 'A+', 0, '2', '20', NULL, NULL, NULL, NULL, NULL, NULL, NULL, NULL, NULL, NULL, NULL, NULL, NULL, NULL, NULL, NULL),
(32, 'kkk', 'kkk@kkkk', '2ed45186c72f9319dc64338cdf16ab76b44cf3d1', 'kk', 'kk', 'male', '0', 0, '', 0, '2', NULL, NULL, NULL, NULL, NULL, NULL, NULL, NULL, NULL, NULL, NULL, NULL, NULL, NULL, NULL, NULL, NULL),
(33, 'Shyam Gaikwad', 'gaikwadshyam820@gmail.com', '7110eda4d09e062aa5e4a390b0a572ac0d2c0220', '                                    pune                                ', '7756058041', '', '0', 0, '', 0, '2', NULL, NULL, NULL, NULL, NULL, NULL, NULL, NULL, NULL, NULL, NULL, NULL, NULL, NULL, NULL, NULL, NULL),
(34, 'fddf', 'dgfgf@3434', 'e77dcace2b3869df8f46925352b67e51938d5a76', '434', '434', 'male', '1484524800', 0, '', 0, '2', NULL, '343', '3434', '34343', '34343', NULL, NULL, NULL, NULL, NULL, NULL, NULL, NULL, NULL, NULL, NULL, NULL),
(35, '', '', 'da39a3ee5e6b4b0d3255bfef95601890afd80709', '', '', '', '0', 0, '', 0, '2', NULL, '', '', '', '', '', NULL, NULL, NULL, NULL, NULL, NULL, NULL, NULL, NULL, NULL, NULL),
(36, 'Pravin', 'pp@pp.cpm', '7110eda4d09e062aa5e4a390b0a572ac0d2c0220', '                                                                        Pune                                                                ', '7756058041', '', '0', 0, '', 0, '2', NULL, '', '', '', '222', 'ert', NULL, NULL, NULL, NULL, NULL, NULL, NULL, NULL, NULL, NULL, NULL),
(37, 'Vidya Jagtap', 'vidyajagtap3091@gmail.com', '0c3efe267d744a28594785e6f0702e25062ce777', 'Belsar', '9960739082', 'female', '1484611200', 22, 'A+', 0, '2', NULL, 'Poodle', 'Poodle', 'Poodle', 'Black', 'Poodle', NULL, NULL, NULL, NULL, NULL, NULL, NULL, NULL, NULL, NULL, NULL),
(38, 'pp', 'sds@3443', 'ab29ea5334e2ae929461aff6aff4de6cea903927', '4343', '434', 'male', '1484611200', 34343, 'A+', 0, '2', NULL, '343', '3434', '3434', '3434', '3434', NULL, NULL, NULL, NULL, NULL, NULL, NULL, NULL, NULL, NULL, NULL),
(39, 'f', 'ff@2344', 'c55c508614dd2a3e2ca2a00250dc33fb924a7244', '343', '3434', 'male', '1484697600', 33, 'A+', 0, '2', NULL, '434', '343', '434', '343', '343', 'dfd', '333', '33', '33@234435', NULL, NULL, NULL, NULL, NULL, NULL, NULL),
(40, 'pet@pet.com', 'pet@pet.com', '7110eda4d09e062aa5e4a390b0a572ac0d2c0220', '                                                                                                            pet@pet.com                                                                                                ', '1222', '', '1484870400', 22, 'A+', 0, '3', '23', 'pet@pet.com', 'pet@pet.com', 'pet@pet.com', 'pet@pet.com', 'pet@pet.com', '22', '22', '22', '22', NULL, NULL, NULL, NULL, NULL, NULL, NULL),
(41, 'ds', 'dsfdf@2423434', '7e302f7529f01b7f2ef61287b422be2b6ed5958b', 'dfd', 'dfd', '', '0', 0, '', 0, '2', '25', 'dfdf', '', '', '', 'df', '', '', '', '', NULL, NULL, NULL, NULL, NULL, NULL, NULL),
(42, 'ry', 'sasa@233', '4f0f5c96ca8457ccd84c30f91c0555bd7e615c81', '                                    323                                ', '2323', 'male', '0', 22, '', 0, '2', '49', '2323', '', '323', '23232', '232', '', '', '', '', NULL, NULL, NULL, NULL, NULL, NULL, NULL),
(43, 'sds', 'sdsdsd@wewer', '12975910c3e6352b5b2bdee81fa2fc4653a5bd59', 'sdsd', '2123', '', '0', 0, '', 0, '2', '51', '2323', '', '', '', 'wewe', 'sas', '', '', '', NULL, NULL, NULL, NULL, NULL, NULL, NULL),
(44, 'Tommy', 'pet@tommy.com', '7110eda4d09e062aa5e4a390b0a572ac0d2c0220', '', '', 'Male', '1438812000', 1, '', 0, '2', NULL, NULL, '', 'Good', 'Black', 'Dog', NULL, NULL, NULL, NULL, '                            \r\n               Good             ', '      Good                      \r\n                            ', 'B123', 'Nice', 'Good', '123', NULL);

-- --------------------------------------------------------

--
-- Table structure for table `payment`
--

CREATE TABLE `payment` (
  `payment_id` int(11) NOT NULL,
  `type` longtext COLLATE utf8_unicode_ci NOT NULL COMMENT 'income expense',
  `amount` longtext COLLATE utf8_unicode_ci NOT NULL,
  `title` longtext COLLATE utf8_unicode_ci NOT NULL,
  `description` longtext COLLATE utf8_unicode_ci NOT NULL,
  `payment_method` longtext COLLATE utf8_unicode_ci NOT NULL,
  `invoice_number` longtext COLLATE utf8_unicode_ci NOT NULL,
  `timestamp` longtext COLLATE utf8_unicode_ci NOT NULL
) ENGINE=InnoDB DEFAULT CHARSET=utf8 COLLATE=utf8_unicode_ci;

-- --------------------------------------------------------

--
-- Table structure for table `pharmacist`
--

CREATE TABLE `pharmacist` (
  `pharmacist_id` int(11) NOT NULL,
  `name` longtext CHARACTER SET utf8 COLLATE utf8_unicode_ci NOT NULL,
  `email` longtext CHARACTER SET utf8 COLLATE utf8_unicode_ci NOT NULL,
  `password` longtext CHARACTER SET utf8 COLLATE utf8_unicode_ci NOT NULL,
  `address` longtext CHARACTER SET utf8 COLLATE utf8_unicode_ci NOT NULL,
  `phone` longtext CHARACTER SET utf8 COLLATE utf8_unicode_ci NOT NULL
) ENGINE=MyISAM DEFAULT CHARSET=latin1;

--
-- Dumping data for table `pharmacist`
--

INSERT INTO `pharmacist` (`pharmacist_id`, `name`, `email`, `password`, `address`, `phone`) VALUES
(1, 'Jatin', 'j@gmail.com', '7110eda4d09e062aa5e4a390b0a572ac0d2c0220', '', '');

-- --------------------------------------------------------

--
-- Table structure for table `prescription`
--

CREATE TABLE `prescription` (
  `prescription_id` int(11) NOT NULL,
  `timestamp` longtext COLLATE utf8_unicode_ci NOT NULL,
  `doctor_id` int(11) NOT NULL,
  `patient_id` int(11) NOT NULL,
  `case_history` longtext COLLATE utf8_unicode_ci NOT NULL,
  `medication` longtext COLLATE utf8_unicode_ci NOT NULL,
  `note` longtext COLLATE utf8_unicode_ci NOT NULL
) ENGINE=MyISAM DEFAULT CHARSET=utf8 COLLATE=utf8_unicode_ci;

--
-- Dumping data for table `prescription`
--

INSERT INTO `prescription` (`prescription_id`, `timestamp`, `doctor_id`, `patient_id`, `case_history`, `medication`, `note`) VALUES
(3, '1483401900', 2, 2, '<h1>Nice</h1>', '', ''),
(4, '1483661100', 2, 3, '<h1>qweqe</h1>', '', 'sds'),
(2, '1483207500', 2, 2, '<h1>This Is Patient Sumit. Here</h1><br>&nbsp;', 'Fever Medicine', 'Add Note');

-- --------------------------------------------------------

--
-- Table structure for table `receptionist`
--

CREATE TABLE `receptionist` (
  `receptionist_id` int(11) NOT NULL,
  `name` longtext CHARACTER SET utf8 COLLATE utf8_unicode_ci NOT NULL,
  `email` longtext CHARACTER SET utf8 COLLATE utf8_unicode_ci NOT NULL,
  `password` longtext CHARACTER SET utf8 COLLATE utf8_unicode_ci NOT NULL,
  `address` longtext CHARACTER SET utf8 COLLATE utf8_unicode_ci NOT NULL,
  `phone` longtext CHARACTER SET utf8 COLLATE utf8_unicode_ci NOT NULL
) ENGINE=MyISAM DEFAULT CHARSET=latin1;

--
-- Dumping data for table `receptionist`
--

INSERT INTO `receptionist` (`receptionist_id`, `name`, `email`, `password`, `address`, `phone`) VALUES
(5, 'sd', 'sds@er', 'a5a76f573f538a2b2ea90b5a86eeafd05f3d3449', '343', '343');

-- --------------------------------------------------------

--
-- Table structure for table `report`
--

CREATE TABLE `report` (
  `report_id` int(11) NOT NULL,
  `type` longtext COLLATE utf8_unicode_ci NOT NULL COMMENT 'operation,birth,death',
  `description` longtext COLLATE utf8_unicode_ci NOT NULL,
  `timestamp` longtext COLLATE utf8_unicode_ci NOT NULL,
  `doctor_id` int(11) NOT NULL,
  `patient_id` int(11) NOT NULL,
  `parent_name` varchar(255) COLLATE utf8_unicode_ci DEFAULT NULL,
  `death_location` varchar(255) COLLATE utf8_unicode_ci DEFAULT NULL,
  `death_reason` varchar(255) COLLATE utf8_unicode_ci DEFAULT NULL,
  `user_id` varchar(255) COLLATE utf8_unicode_ci DEFAULT NULL
) ENGINE=MyISAM DEFAULT CHARSET=utf8 COLLATE=utf8_unicode_ci;

--
-- Dumping data for table `report`
--

INSERT INTO `report` (`report_id`, `type`, `description`, `timestamp`, `doctor_id`, `patient_id`, `parent_name`, `death_location`, `death_reason`, `user_id`) VALUES
(2, 'birth', 'dsd', '1484179200', 2, 29, NULL, NULL, NULL, NULL),
(3, 'death', 'er', '1484179200', 2, 21, NULL, NULL, NULL, NULL),
(4, 'operation', '343', '1484179200', 2, 18, NULL, NULL, NULL, NULL),
(5, 'birth', 'Pune', '1484524800', 2, 33, NULL, NULL, NULL, NULL),
(6, 'death', 'sdfsf', '1484524800', 2, 19, 'fdfdf', '11', '11111', NULL),
(7, 'birth', 'Pune', '1484611200', 2, 29, 'Pravin Jagtap', '', '', NULL),
(8, 'birth', 'Birth Report', '1484611200', 2, 37, 'Vitthal Jagtap', '', '', NULL),
(9, 'operation', 'Operation Report', '1484611200', 2, 37, 'Vitthal Jagtap', '', '', NULL),
(10, 'birth', 'Birth Report', '1484611200', 2, 30, 'Pravin Jagtap', '', '', NULL),
(11, 'operation', 'ds', '1484870400', 2, 41, 'sfsf', '', '', '25'),
(12, 'birth', 'ds', '1484870400', 2, 41, 'wew', '', '', '25'),
(13, 'death', 'sa', '1484870400', 2, 41, 'qq', 'qq', 'qq', '25'),
(14, 'operation', 'Muuu', '1484870400', 2, 41, '2213243', '', '', '25'),
(15, 'operation', 'sdsd', '1484870400', 2, 41, 'Pravin Jagtap', '', '', '25'),
(16, 'death', 'sa', '1484870400', 2, 41, '32', 'ww', 'wr', '25'),
(17, 'operation', 'asad', '1484956800', 2, 29, '1wewe', '', '', NULL),
(18, 'death', 'a', '1484956800', 2, 29, 'ds', 'dsd', 'sds', NULL);

-- --------------------------------------------------------

--
-- Table structure for table `settings`
--

CREATE TABLE `settings` (
  `settings_id` int(11) NOT NULL,
  `type` longtext CHARACTER SET utf8 COLLATE utf8_unicode_ci NOT NULL,
  `description` longtext CHARACTER SET utf8 COLLATE utf8_unicode_ci NOT NULL
) ENGINE=MyISAM DEFAULT CHARSET=latin1;

--
-- Dumping data for table `settings`
--

INSERT INTO `settings` (`settings_id`, `type`, `description`) VALUES
(1, 'system_name', 'Hospital Management System'),
(2, 'system_title', 'Hospital Management System'),
(3, 'address', 'Pune'),
(4, 'phone', '8412013380'),
(5, 'paypal_email', 'payment@creativeitem.com'),
(6, 'currency', 'usd'),
(7, 'system_email', 'admin@example.com'),
(8, 'buyer', ''),
(9, 'purchase_code', ''),
(11, 'language', 'english'),
(12, 'text_align', 'left-to-right'),
(13, 'system_currency_id', '1'),
(14, 'clickatell_user', '[YOUR CLICKATELL USERNAME]'),
(15, 'clickatell_password', '[YOUR CLICKATELL PASSWORD]'),
(16, 'clickatell_api_id', '[YOUR CLICKATELL API ID]');

-- --------------------------------------------------------

--
-- Table structure for table `supplier`
--

CREATE TABLE `supplier` (
  `id` int(11) NOT NULL,
  `name` varchar(255) DEFAULT NULL,
  `address` varchar(255) DEFAULT NULL,
  `phone` varchar(255) DEFAULT NULL,
  `email` varchar(255) DEFAULT NULL,
  `doctor_id` int(11) DEFAULT NULL,
  `user_id` varchar(255) DEFAULT NULL,
  `role` varchar(255) DEFAULT NULL
) ENGINE=InnoDB DEFAULT CHARSET=latin1;

--
-- Dumping data for table `supplier`
--

INSERT INTO `supplier` (`id`, `name`, `address`, `phone`, `email`, `doctor_id`, `user_id`, `role`) VALUES
(11, 'ewewrwr', 'rwrw', 'weewe', 'wrwrw@345545', 2, NULL, 'doctor'),
(12, 'sdsd', '5454', '5454', 'sfsf@3243', 2, '20', 'sub_doctor'),
(13, 'pp', 're', '4343', 'pp@pp.cpp', 3, NULL, 'doctor'),
(14, 'sdsdsf', '242', '24242', 'sffs@2424', 3, '23', 'sub_doctor'),
(15, 'sdsdfs', 'dfgdfg', '34345', 'fdsfdf@4trrtr', 3, '23', 'sub_doctor'),
(16, 'dsdfs', 'dfdgd', '32434535', 'sfsf@dfdd', 3, NULL, 'doctor'),
(17, 'Pravin', 'erer', 'ererer', 'dsfsd@rer', 2, NULL, 'doctor'),
(18, 'qwe', 'wrw', 'wrw@232342', 'ewerw@433', 2, '20', 'sub_doctor'),
(19, 'pj@pj.com', 'ww', '2222', 'ww@242424', 2, '25', 'sub_doctor'),
(20, 'wew', 'wewe', '3232', 'ewe@23233', 2, '27', 'kennel'),
(21, 'sasd', 'www', '22222222', 'dsd@3243www', 2, '36', 'groomer'),
(22, 'sds', '2323', '232', 'ssf@err', 2, '41', 'pet_relocation'),
(23, 'sds', 'wewe', '231323', 'sds@eww', 2, '42', 'pet_bakery'),
(24, 'as', 'erer', '3434343', 'sd@rer', 2, '43', 'dog_walker'),
(25, 'asdd', 'adsa', '231332', 'sds@3434', 2, '44', 'obituary'),
(26, 'fgfg', 'retert', '222222', 'fgf@ewre', 2, '45', 'restaurants'),
(27, 'Pravin', '32', '242', 'pp@pp.cpm', 3, '23', 'sub_doctor'),
(28, 'de', 'ee', '33', 'ee@3535', 3, '23', 'sub_doctor'),
(29, 'der', '4545', '454', 'tryr@r435', 3, '23', 'sub_doctor');

-- --------------------------------------------------------

--
-- Table structure for table `users`
--

CREATE TABLE `users` (
  `id` int(11) NOT NULL,
  `doctor_id` int(11) DEFAULT NULL,
  `name` varchar(255) DEFAULT NULL,
  `email` varchar(255) DEFAULT NULL,
  `role` varchar(255) DEFAULT NULL,
  `password` varchar(255) DEFAULT NULL,
  `address` varchar(255) DEFAULT NULL,
  `phone` int(11) DEFAULT NULL,
  `user_id` varchar(255) DEFAULT NULL
) ENGINE=InnoDB DEFAULT CHARSET=latin1;

--
-- Dumping data for table `users`
--

INSERT INTO `users` (`id`, `doctor_id`, `name`, `email`, `role`, `password`, `address`, `phone`, `user_id`) VALUES
(24, 3, 'qw22', 'ewwew@ererere.com', 'Sub Doctor', NULL, 'wweewew', 2147483647, NULL),
(25, 2, 'pj', 'pj@pj.pj', 'Sub Doctor', '7110eda4d09e062aa5e4a390b0a572ac0d2c0220', '1213', 2147483647, NULL),
(26, 5, 'Pravin', 'pp@pp.cpp', 'Sub Doctor', '7110eda4d09e062aa5e4a390b0a572ac0d2c0220', 'Pune', 1234, NULL),
(27, 2, 'Kennel', 'kennel@kennel.com', 'Kennel', '7110eda4d09e062aa5e4a390b0a572ac0d2c0220', 'pp', 2147483647, NULL),
(29, 2, 'df', 'fdgd@erttrt.com', 'Trainers', NULL, '32434', 2147483647, '20'),
(33, 2, 'sdfsdf', 'pp@pp.pp', 'Sub Doctor', 'd0456a67cc6578b9ef2e04695acec2dda04c9ca2', '343', 2147483647, '20'),
(34, NULL, 'bd@clickedtech.com', 'bd@clickedtech.com', 'Groomer', NULL, 'bd@clickedtech.com', 1111111111, NULL),
(35, 2, 'dsd', 'kk@kk.kk', 'Sub Doctor', '7110eda4d09e062aa5e4a390b0a572ac0d2c0220', 'qq', 1111111111, '27'),
(36, 2, 'Groomer', 'groomer@groomer.com', 'Groomer', '7110eda4d09e062aa5e4a390b0a572ac0d2c0220', 'Pune', 2147483647, NULL),
(37, NULL, 'trainers', 'trainers@trainers.com', 'Kennel', NULL, 'trainers', 1111111111, NULL),
(38, NULL, 'breeder', 'breeder@breeder.com', 'Breeder', NULL, 'sss', 1233333333, NULL),
(39, NULL, 'Breeder', 'Breeder1@Breeder.com', 'Ambulance Service', NULL, 'Breeder', 1111111111, NULL),
(40, NULL, 'ambulance', 'aa@aa.aa', 'Trainers', NULL, 'sdf', 1234111111, NULL),
(41, 2, 'pet', 'pet@pet.com', 'Pet Relocation', '7110eda4d09e062aa5e4a390b0a572ac0d2c0220', 'pet', 1111111111, NULL),
(42, 2, 'petb', 'petb@petb.com', 'Pet Bakery', '7110eda4d09e062aa5e4a390b0a572ac0d2c0220', 'petb', 1233333333, NULL),
(43, 2, 'dw', 'dw@dw.com', 'Dog Walker', '7110eda4d09e062aa5e4a390b0a572ac0d2c0220', 'dw', 1111111111, NULL),
(44, 2, 'ob', 'ob@ob.com', 'Obituary', '7110eda4d09e062aa5e4a390b0a572ac0d2c0220', 'ob', 1111111111, NULL),
(45, NULL, 'rrr', 'rrr@rrr.com', 'Kennel', NULL, 'paul.pritesh@gmail.com', 1234111111, NULL),
(46, 3, 'Pet Food ', 'ee@3535.com', 'Kennel', '637a81ed8e8217bb01c15c67c39b43b0ab4e20f1', 'ee', 2147483647, '23'),
(47, 2, 'dfdf', 'dfdf@24343.323', 'Sub Doctor', '9d61ba84065fc83956cdfc63e49bc7a9d21d8665', '22', 2147483647, '25'),
(48, 2, 'ss33', 'fsfsf@3244354.com', 'Sub Doctor', NULL, 'ee', 2147483647, '25'),
(49, 2, 'as', 'as@as.com', 'Ambulance Service', '7110eda4d09e062aa5e4a390b0a572ac0d2c0220', 'as', 1234511111, '25'),
(50, 2, 'Bredder', 'b@b.com', 'Breeder', '7110eda4d09e062aa5e4a390b0a572ac0d2c0220', 'bb', 2147483647, '25'),
(51, 2, 'dw', 'dww@dw.com', 'Dog Walker', '7110eda4d09e062aa5e4a390b0a572ac0d2c0220', '44', 2147483647, '25'),
(52, 2, 'g', 'g@g.com', 'Groomer', '7110eda4d09e062aa5e4a390b0a572ac0d2c0220', '232', 2147483647, '51'),
(53, 2, 'tt', 'tt@tt.com', 'Trainers', '7110eda4d09e062aa5e4a390b0a572ac0d2c0220', '4422', 2147483647, '25'),
(54, 2, 'ada', 'dad@232342.com', 'Receptionist', NULL, '22', 2147483647, '53'),
(55, 2, 'fdfdg', 'obbbb@wrfere.com', 'Obituary', '2f5dec5bc13d3b162ebb46b727dd9af3fc0ea21a', '22222', 2147483647, NULL),
(56, 2, 'cscs', 'sdd@1323232.com', 'Restaurants', '52fdb9f68c503e11d168fe52035901864c0a4861', '24', 2147483647, NULL),
(57, 2, 'dwsd', '1212@2324.com', 'Kennel', NULL, '22', 2147483647, NULL);

--
-- Indexes for dumped tables
--

--
-- Indexes for table `accountant`
--
ALTER TABLE `accountant`
  ADD PRIMARY KEY (`accountant_id`);

--
-- Indexes for table `admin`
--
ALTER TABLE `admin`
  ADD PRIMARY KEY (`admin_id`);

--
-- Indexes for table `appointment`
--
ALTER TABLE `appointment`
  ADD PRIMARY KEY (`appointment_id`);

--
-- Indexes for table `bed`
--
ALTER TABLE `bed`
  ADD PRIMARY KEY (`bed_id`);

--
-- Indexes for table `bed_allotment`
--
ALTER TABLE `bed_allotment`
  ADD PRIMARY KEY (`bed_allotment_id`);

--
-- Indexes for table `blood_bank`
--
ALTER TABLE `blood_bank`
  ADD PRIMARY KEY (`blood_group_id`);

--
-- Indexes for table `blood_donor`
--
ALTER TABLE `blood_donor`
  ADD PRIMARY KEY (`blood_donor_id`);

--
-- Indexes for table `ci_sessions`
--
ALTER TABLE `ci_sessions`
  ADD PRIMARY KEY (`id`),
  ADD KEY `ci_sessions_timestamp` (`timestamp`);

--
-- Indexes for table `currency`
--
ALTER TABLE `currency`
  ADD PRIMARY KEY (`currency_id`);

--
-- Indexes for table `department`
--
ALTER TABLE `department`
  ADD PRIMARY KEY (`department_id`);

--
-- Indexes for table `diagnosis_report`
--
ALTER TABLE `diagnosis_report`
  ADD PRIMARY KEY (`diagnosis_report_id`);

--
-- Indexes for table `doctor`
--
ALTER TABLE `doctor`
  ADD PRIMARY KEY (`doctor_id`);

--
-- Indexes for table `email_template`
--
ALTER TABLE `email_template`
  ADD PRIMARY KEY (`email_template_id`);

--
-- Indexes for table `event`
--
ALTER TABLE `event`
  ADD PRIMARY KEY (`event_id`);

--
-- Indexes for table `form_element`
--
ALTER TABLE `form_element`
  ADD PRIMARY KEY (`form_element_id`);

--
-- Indexes for table `health_record`
--
ALTER TABLE `health_record`
  ADD PRIMARY KEY (`id`);

--
-- Indexes for table `invoice`
--
ALTER TABLE `invoice`
  ADD PRIMARY KEY (`invoice_id`);

--
-- Indexes for table `invoice_medicine`
--
ALTER TABLE `invoice_medicine`
  ADD PRIMARY KEY (`id`);

--
-- Indexes for table `laboratorist`
--
ALTER TABLE `laboratorist`
  ADD PRIMARY KEY (`laboratorist_id`);

--
-- Indexes for table `language`
--
ALTER TABLE `language`
  ADD PRIMARY KEY (`phrase_id`);

--
-- Indexes for table `medicine`
--
ALTER TABLE `medicine`
  ADD PRIMARY KEY (`medicine_id`);

--
-- Indexes for table `medicine_category`
--
ALTER TABLE `medicine_category`
  ADD PRIMARY KEY (`medicine_category_id`);

--
-- Indexes for table `medicine_sub_category`
--
ALTER TABLE `medicine_sub_category`
  ADD PRIMARY KEY (`id`);

--
-- Indexes for table `message`
--
ALTER TABLE `message`
  ADD PRIMARY KEY (`message_id`);

--
-- Indexes for table `message_thread`
--
ALTER TABLE `message_thread`
  ADD PRIMARY KEY (`message_thread_id`);

--
-- Indexes for table `note`
--
ALTER TABLE `note`
  ADD PRIMARY KEY (`note_id`);

--
-- Indexes for table `notice`
--
ALTER TABLE `notice`
  ADD PRIMARY KEY (`notice_id`);

--
-- Indexes for table `noticeboard`
--
ALTER TABLE `noticeboard`
  ADD PRIMARY KEY (`notice_id`);

--
-- Indexes for table `notification`
--
ALTER TABLE `notification`
  ADD PRIMARY KEY (`notification_id`);

--
-- Indexes for table `nurse`
--
ALTER TABLE `nurse`
  ADD PRIMARY KEY (`nurse_id`);

--
-- Indexes for table `patient`
--
ALTER TABLE `patient`
  ADD PRIMARY KEY (`patient_id`);

--
-- Indexes for table `payment`
--
ALTER TABLE `payment`
  ADD PRIMARY KEY (`payment_id`);

--
-- Indexes for table `pharmacist`
--
ALTER TABLE `pharmacist`
  ADD PRIMARY KEY (`pharmacist_id`);

--
-- Indexes for table `prescription`
--
ALTER TABLE `prescription`
  ADD PRIMARY KEY (`prescription_id`);

--
-- Indexes for table `receptionist`
--
ALTER TABLE `receptionist`
  ADD PRIMARY KEY (`receptionist_id`);

--
-- Indexes for table `report`
--
ALTER TABLE `report`
  ADD PRIMARY KEY (`report_id`);

--
-- Indexes for table `settings`
--
ALTER TABLE `settings`
  ADD PRIMARY KEY (`settings_id`);

--
-- Indexes for table `supplier`
--
ALTER TABLE `supplier`
  ADD PRIMARY KEY (`id`);

--
-- Indexes for table `users`
--
ALTER TABLE `users`
  ADD PRIMARY KEY (`id`);

--
-- AUTO_INCREMENT for dumped tables
--

--
-- AUTO_INCREMENT for table `accountant`
--
ALTER TABLE `accountant`
  MODIFY `accountant_id` int(11) NOT NULL AUTO_INCREMENT, AUTO_INCREMENT=2;
--
-- AUTO_INCREMENT for table `admin`
--
ALTER TABLE `admin`
  MODIFY `admin_id` int(11) NOT NULL AUTO_INCREMENT, AUTO_INCREMENT=2;
--
-- AUTO_INCREMENT for table `appointment`
--
ALTER TABLE `appointment`
  MODIFY `appointment_id` int(11) NOT NULL AUTO_INCREMENT, AUTO_INCREMENT=108;
--
-- AUTO_INCREMENT for table `bed`
--
ALTER TABLE `bed`
  MODIFY `bed_id` int(11) NOT NULL AUTO_INCREMENT, AUTO_INCREMENT=2;
--
-- AUTO_INCREMENT for table `bed_allotment`
--
ALTER TABLE `bed_allotment`
  MODIFY `bed_allotment_id` int(11) NOT NULL AUTO_INCREMENT, AUTO_INCREMENT=7;
--
-- AUTO_INCREMENT for table `blood_bank`
--
ALTER TABLE `blood_bank`
  MODIFY `blood_group_id` int(11) NOT NULL AUTO_INCREMENT;
--
-- AUTO_INCREMENT for table `blood_donor`
--
ALTER TABLE `blood_donor`
  MODIFY `blood_donor_id` int(11) NOT NULL AUTO_INCREMENT, AUTO_INCREMENT=5;
--
-- AUTO_INCREMENT for table `currency`
--
ALTER TABLE `currency`
  MODIFY `currency_id` int(11) NOT NULL AUTO_INCREMENT;
--
-- AUTO_INCREMENT for table `department`
--
ALTER TABLE `department`
  MODIFY `department_id` int(11) NOT NULL AUTO_INCREMENT, AUTO_INCREMENT=2;
--
-- AUTO_INCREMENT for table `diagnosis_report`
--
ALTER TABLE `diagnosis_report`
  MODIFY `diagnosis_report_id` int(11) NOT NULL AUTO_INCREMENT, AUTO_INCREMENT=2;
--
-- AUTO_INCREMENT for table `doctor`
--
ALTER TABLE `doctor`
  MODIFY `doctor_id` int(11) NOT NULL AUTO_INCREMENT, AUTO_INCREMENT=8;
--
-- AUTO_INCREMENT for table `email_template`
--
ALTER TABLE `email_template`
  MODIFY `email_template_id` int(11) NOT NULL AUTO_INCREMENT;
--
-- AUTO_INCREMENT for table `event`
--
ALTER TABLE `event`
  MODIFY `event_id` int(11) NOT NULL AUTO_INCREMENT, AUTO_INCREMENT=9;
--
-- AUTO_INCREMENT for table `form_element`
--
ALTER TABLE `form_element`
  MODIFY `form_element_id` int(11) NOT NULL AUTO_INCREMENT;
--
-- AUTO_INCREMENT for table `health_record`
--
ALTER TABLE `health_record`
  MODIFY `id` int(11) NOT NULL AUTO_INCREMENT, AUTO_INCREMENT=67;
--
-- AUTO_INCREMENT for table `invoice`
--
ALTER TABLE `invoice`
  MODIFY `invoice_id` int(11) NOT NULL AUTO_INCREMENT, AUTO_INCREMENT=89;
--
-- AUTO_INCREMENT for table `invoice_medicine`
--
ALTER TABLE `invoice_medicine`
  MODIFY `id` int(11) NOT NULL AUTO_INCREMENT, AUTO_INCREMENT=37;
--
-- AUTO_INCREMENT for table `laboratorist`
--
ALTER TABLE `laboratorist`
  MODIFY `laboratorist_id` int(11) NOT NULL AUTO_INCREMENT, AUTO_INCREMENT=2;
--
-- AUTO_INCREMENT for table `language`
--
ALTER TABLE `language`
  MODIFY `phrase_id` int(11) NOT NULL AUTO_INCREMENT;
--
-- AUTO_INCREMENT for table `medicine`
--
ALTER TABLE `medicine`
  MODIFY `medicine_id` int(11) NOT NULL AUTO_INCREMENT, AUTO_INCREMENT=50;
--
-- AUTO_INCREMENT for table `medicine_category`
--
ALTER TABLE `medicine_category`
  MODIFY `medicine_category_id` int(11) NOT NULL AUTO_INCREMENT, AUTO_INCREMENT=45;
--
-- AUTO_INCREMENT for table `medicine_sub_category`
--
ALTER TABLE `medicine_sub_category`
  MODIFY `id` int(11) NOT NULL AUTO_INCREMENT, AUTO_INCREMENT=100;
--
-- AUTO_INCREMENT for table `message`
--
ALTER TABLE `message`
  MODIFY `message_id` int(11) NOT NULL AUTO_INCREMENT, AUTO_INCREMENT=23;
--
-- AUTO_INCREMENT for table `message_thread`
--
ALTER TABLE `message_thread`
  MODIFY `message_thread_id` int(11) NOT NULL AUTO_INCREMENT, AUTO_INCREMENT=11;
--
-- AUTO_INCREMENT for table `note`
--
ALTER TABLE `note`
  MODIFY `note_id` int(11) NOT NULL AUTO_INCREMENT;
--
-- AUTO_INCREMENT for table `notice`
--
ALTER TABLE `notice`
  MODIFY `notice_id` int(11) NOT NULL AUTO_INCREMENT, AUTO_INCREMENT=2;
--
-- AUTO_INCREMENT for table `noticeboard`
--
ALTER TABLE `noticeboard`
  MODIFY `notice_id` int(11) NOT NULL AUTO_INCREMENT;
--
-- AUTO_INCREMENT for table `notification`
--
ALTER TABLE `notification`
  MODIFY `notification_id` int(11) NOT NULL AUTO_INCREMENT, AUTO_INCREMENT=13;
--
-- AUTO_INCREMENT for table `nurse`
--
ALTER TABLE `nurse`
  MODIFY `nurse_id` int(11) NOT NULL AUTO_INCREMENT;
--
-- AUTO_INCREMENT for table `patient`
--
ALTER TABLE `patient`
  MODIFY `patient_id` int(11) NOT NULL AUTO_INCREMENT, AUTO_INCREMENT=45;
--
-- AUTO_INCREMENT for table `payment`
--
ALTER TABLE `payment`
  MODIFY `payment_id` int(11) NOT NULL AUTO_INCREMENT;
--
-- AUTO_INCREMENT for table `pharmacist`
--
ALTER TABLE `pharmacist`
  MODIFY `pharmacist_id` int(11) NOT NULL AUTO_INCREMENT, AUTO_INCREMENT=2;
--
-- AUTO_INCREMENT for table `prescription`
--
ALTER TABLE `prescription`
  MODIFY `prescription_id` int(11) NOT NULL AUTO_INCREMENT, AUTO_INCREMENT=5;
--
-- AUTO_INCREMENT for table `receptionist`
--
ALTER TABLE `receptionist`
  MODIFY `receptionist_id` int(11) NOT NULL AUTO_INCREMENT, AUTO_INCREMENT=6;
--
-- AUTO_INCREMENT for table `report`
--
ALTER TABLE `report`
  MODIFY `report_id` int(11) NOT NULL AUTO_INCREMENT, AUTO_INCREMENT=19;
--
-- AUTO_INCREMENT for table `settings`
--
ALTER TABLE `settings`
  MODIFY `settings_id` int(11) NOT NULL AUTO_INCREMENT, AUTO_INCREMENT=17;
--
-- AUTO_INCREMENT for table `supplier`
--
ALTER TABLE `supplier`
  MODIFY `id` int(11) NOT NULL AUTO_INCREMENT, AUTO_INCREMENT=30;
--
-- AUTO_INCREMENT for table `users`
--
ALTER TABLE `users`
  MODIFY `id` int(11) NOT NULL AUTO_INCREMENT, AUTO_INCREMENT=58;
/*!40101 SET CHARACTER_SET_CLIENT=@OLD_CHARACTER_SET_CLIENT */;
/*!40101 SET CHARACTER_SET_RESULTS=@OLD_CHARACTER_SET_RESULTS */;
/*!40101 SET COLLATION_CONNECTION=@OLD_COLLATION_CONNECTION */;
